order_id,date,product,category,region,channel,quantity,unit_price_tnd,discount_pct,revenue_tnd,profit_tnd
1100,2024-04-26,Dattes Deglet Nour 5kg,Dates,Sfax,Wholesale,4,62.0,5.0,235.6,79.6
2298,2025-02-03,Miel de Thym 250g,Honey,Monastir,Retail,2,32.0,0.0,64.0,24.0
1143,2024-05-07,Harissa Traditionnelle 200g,Condiments,Monastir,Retail,1,6.5,5.0,6.17,2.97
3418,2025-09-22,Huile d'Olive Extra Vierge 5L,Olive Oil,Tunis,Retail,6,132.0,10.0,712.8,160.8
1175,2024-05-21,Dattes Deglet Nour 5kg,Dates,Sousse,Wholesale,5,62.0,0.0,310.0,115.0
1716,2024-10-14,Harissa Traditionnelle 200g,Condiments,Tunis,Wholesale,20,6.5,0.0,130.0,66.0
3427,2025-09-25,Dattes Deglet Nour 1kg,Dates,Tunis,Retail,4,14.0,0.0,56.0,22.0
1940,2024-11-27,Huile d'Olive Extra Vierge 5L,Olive Oil,Sousse,Online,2,132.0,0.0,264.0,80.0
2568,2025-04-01,Couscous Fin 1kg,Grains,Gabes,Online,1,5.8,5.0,5.51,2.11
1059,2024-04-15,Harissa 1kg (pro),Condiments,Tunis,Wholesale,12,24.0,0.0,288.0,138.0
3194,2025-08-10,Miel de Thym 250g,Honey,Monastir,Retail,12,32.0,0.0,384.0,144.0
1508,2024-08-23,Huile d'Olive Extra Vierge 1L,Olive Oil,Sfax,Wholesale,4,28.5,5.0,108.3,32.3
2384,2025-02-23,Dattes Deglet Nour 1 Kg,Dates,Tunis,Wholesale,12,14.0,0.0,168.0,66.0
3225,2025-08-17,Couscous Fin 1kg,Grains,Tunis,Retail,6,5.8,0.0,34.8,14.4
2260,2025-01-23,Dattes Deglet Nour 1kg,Dates,Tunis,Retail,4,14.0,0.0,56.0,22.0
2431,2025-03-04,Harisa Traditionnelle 200g,Condiments, Monastir ,Retail,1,6.5,10.0,5.85,2.65
3439,2025-09-27,Couscous Fin 1kg,Grains,Tunis,Retail,2,5.8,5.0,11.02,4.22
1965,2024-12-01,Miel de Thym 250g,Honey,Monastir,Retail,1,32.0,5.0,30.4,10.4
1582,2024-09-15,Harissa Traditionnelle 200g,Condiments,Bizerte,Online,12,6.5,0.0,78.0,39.6
2839,2025-05-30,Couscous Complet 1kg,Grains,Sousse,Retail,2,7.2,0.0,14.4,6.2
2791,2025-05-22,Huile d'Olive Extra Vierge 5L,Olive Oil,,Online,3,132.0,10.0,356.4,80.4
1840,2024-11-06,Couscous Fin 1kg,Grains,Tunis,Online,1,5.8,0.0,5.8,2.4
1702,2024-10-12,Couscous Fin 1kg,Grains,Tunis,Retail,2,5.8,0.0,11.6,4.8
2082,2024-12-21,Huile d'Olive Extra Vierge 5L,Olive Oil,Sousse,Retail,4,132.0,20.0,422.4,54.4
1394,2024-07-20,Miel de Thym 250g,Honey,Bizerte,Retail,1,32.0,0.0,32.0,12.0
1037,2024-04-10,Harissa 1kg (pro),Condiments,Sfax,Retail,2,24.0,0.0,48.0,23.0
3105,2025-07-24,Dattes Deglet Nour 5kg,Dates,Tunis,Retail,2,62.0,0.0,124.0,46.0
2763,2025-05-15,Miel de Thym 250g,Honey,Tunis,Retail,6,32.0,0.0,192.0,72.0
3141,2025-08-01,Dattes Deglet Nour 1kg,Dates,Gabes,Retail,1,14.0,5.0,13.3,4.8
2050,2024-12-16,Couscous Fin 1kg,Grains,Tunis,Retail,3,5.8,0.0,17.4,7.2
1392,2024-07-20,Bsissa Traditionnelle 500g,Grains,Sfax,Wholesale,3,9.5,0.0,28.5,13.5
2076,2024-12-20,Dattes Deglet Nour 1kg,Dates,Sousse,Wholesale,66,14.0,0.0,924.0,363.0
1022,2024-04-06,Huile d'Olive Extra Vierge 5L,Olive Oil,Sousse,Retail,12,132.0,10.0,1425.6,321.6
1994,2024-12-05,Dattes Deglet Nour 5kg,Dates,Tunis,Retail,22,62.0,0.0,1364.0,506.0
2018,2024-12-10,Harissa 1kg (pro),Condiments,Tunis,Retail,2,24.0,0.0,48.0,23.0
1552,2024-09-07,Huile d'Olive Extra Vierge 1L,Olive Oil,Sfax,Retail,12,28.5,5.0,324.9,96.9
2618,2025-04-08,Harissa 1kg (pro),Condiments,Monastir,Retail,3,24.0,0.0,72.0,34.5
1565,2024-09-10,Huile d'Olive Extra Vierge 5L,Olive Oil,Tunis,Wholesale,8,132.0,20.0,844.8,108.8
3207,2025-08-14,Dattes Deglet Nour 5kg,Dates,Tunis,Retail,2,62.0,0.0,124.0,46.0
2258,2025-01-22,Miel de Thym 250g,Honey,Sousse,Wholesale,5,32.0,0.0,160.0,60.0
3125,2025-07-27,Miel de Thym 250g,Honey,Bizerte,Wholesale,4,32.0,0.0,128.0,48.0
1066,2024-04-16,Harissa Traditionnelle 200g,Condiments,Bizerte,Wholesale,3,6.5,0.0,19.5,9.9
2327,2025-02-10,Dattes Deglet Nour 5kg,Dates,Bizerte,Retail,1,62.0,0.0,62.0,23.0
1073,2024-04-18,Miel de Thym 250g,Honey,Gabes,Wholesale,50,32.0,0.0,1600.0,600.0
2257,2025-01-22,Huile d'Olive Extra Vierge 5L,Olive Oil,Monastir,Retail,3,132.0,20.0,316.8,40.8
3384,18/09/2025,Bsissa Traditionnelle 500g,Grains,Sousse,Retail,3,9.5,5.0,27.07,12.07
1202,2024-05-29,Bsissa Traditionnelle 500g,Grains,Sfax,Retail,2,9.5,5.0,18.05,8.05
3067,15/07/2025,Couscous Complet 1kg,Grains,Tunis,Wholesale,100,7.2,0.0,720.0,310.0
1366,2024-07-13,Miel de Thym 250g,Honey,Monastir,Wholesale,5,32.0,0.0,160.0,60.0
1279,2024-06-18,Bsissa Traditionnelle 500g,Grains,bizerte,Retail,12,9.5,5.0,108.3,48.3
1334,2024-07-04,Dattes Deglet Nour 1kg,Dates,Gabes,Retail,1,14.0,0.0,14.0,5.5
3257,2025-08-24,Harissa Traditionnelle 200g,Condiments,Tunis,Online,4,6.5,10.0,23.4,10.6
1747,2024-10-22,Couscous Complet 1kg,Grains,Bizerte,Online,4,7.2,0.0,28.8,12.4
2680,2025-04-24,Dattes Deglet Nour 5kg,Dates,Bizerte,Retail,3,62.0,0.0,186.0,69.0
2977,2025-06-29,Dattes Deglet Nour 5kg,Dates,Sousse,Retail,3,62.0,0.0,186.0,69.0
2048,2024-12-16,Miel de Thym 250g,Honey,Tunis,Wholesale,6,32.0,0.0,192.0,72.0
1351,2024-07-09,Couscous Fin 1kg,Grains,Bizerte,Wholesale,4,5.8,,20.88,7.28
1624,2024-09-27,Dattes Deglet Nour 1kg,Dates,Sousse,Wholesale,5,14.0,10.0,63.0,20.5
2563,2025-03-30,Miel de Thym 250g,Honey,Monastir,Wholesale,30,32.0,0.0,960.0,360.0
1685,2024-10-08,Harissa Traditionnelle 200g,Condiments,Sousse,Online,3,6.5,0.0,19.5,9.9
2109,2024-12-25,Huile d'Olive Extra Vierge 5L,Olive Oil,Tunis,Retail,2,132.0,0.0,264.0,80.0
2814,2025-05-26,Huile d'Olive Extra Vierge 5L,Olive Oil,Sousse,Wholesale,12,132.0,5.0,1504.8,400.8
2280,2025-01-30,Couscous Fin 1kg,Grains,Monastir,Online,4,5.8,10.0,20.88,7.28
3195,2025-08-10,Dattes Deglet Nour 1kg,Dates,Bizerte,Retail,3,14.0,0.0,42.0,16.5
1606,2024-09-19,Harissa 1kg (pro),Condiments,Bizerte,Wholesale,16,24.0,0.0,384.0,184.0
2848,2025-06-01,Huile d'Olive Extra Vierge 5L,Olive Oil,Tunis,Retail,4,132.0,0.0,528.0,160.0
3057,2025-07-13,Huile d'Olive Extra Vierge 5L,Olive Oil,Gabes,Retail,3,132.0,5.0,376.2,100.2
2309,2025-02-05,Huile d'Olive Extra Vierge 5L,Olive Oil,Tunis,Online,2,132.0,10.0,237.6,53.6
3030,2025-07-07,Huile d'Olive Extra Vierge 5L,Olive Oil,Tunis,Retail,1,132.0,15.0,112.2,20.2
2648,2025-04-15,Dattes Deglet Nour 5kg,Dates,Bizerte,retail,1,62.0,0.0,62.0,23.0
3293,2025-09-01,Huile d'Olive Extra Vierge 5L,Olive Oil,Monastir,Retail,6,132.0,15.0,673.2,121.2
1312,2024-06-27,Dattes Deglet Nour 1kg,Dates,Tunis,Retail,3,14.0,10.0,37.8,12.3
2756,2025-05-14,Dattes Deglet Nour 1kg,Dates,Sfax,Retail,20,14.0,0.0,280.0,110.0
2223,2025-01-14,Huile d'Olive Extra Vierge 5L,Olive Oil,Tunis,Wholesale,4,132.0,,528.0,160.0
2897,2025-06-12,Huile d'Olive Extra Vierge 1L,Olive Oil,Tunis,Wholesale,12,28.5,10.0,307.8,79.8
3054,2025-07-13,Couscous Fin 1kg,Grains,Bizerte,Wholesale,3,5.8,0.0,17.4,7.2
1013,2024-04-04,Huile d'Olive Extra Vierge 1L,Olive Oil,Tunis,Retail,4,28.5,10.0,102.6,26.6
2292,2025-01-31,Miel de Thym 250g,Honey,Gabes,Online,3,32.0,0.0,96.0,36.0
1506,2024-08-22,Harissa 1kg (pro),Condiments,Gabes,Online,1,24.0,0.0,24.0,11.5
2196,2025-01-09,Huile d'Olive Extra Vierge 5L,Olive Oil,Sfax,Wholesale,12,132.0,20.0,1267.2,163.2
2712,2025-04-30,Miel de Thym 250g,Honey,Sousse,Retail,2,32.0,10.0,57.6,17.6
2681,2025-04-24,Huile d'Olive Extra Vierge 5L,Olive Oil,Tunis,Retail,20,132.0,10.0,2376.0,536.0
1466,2024-08-10,Couscous Fin 1kg,Grains,Sousse,Retail,1,5.8,0.0,5.8,2.4
1857,2024-11-09,Dattes Deglet Nour 5kg,Dates,Tunis,Online,4,62.0,5.0,235.6,79.6
2009,2024-12-09,Harissa 1kg (pro),Condiments,Sfax,Retail,4,24.0,,96.0,46.0
1255,2024-06-12,Miel de Thym 250g,Honey,Bizerte,Wholesale,20,32.0,0.0,640.0,240.0
1045,2024-04-12,Bsissa Traditionnelle 500g,Grains,Tunis,Retail,1,9.5,0.0,9.5,4.5
1305,2024-06-26,Miel de Thym 250g,Honey,Sfax,Wholesale,48,32.0,0.0,1536.0,576.0
1020,2024-04-06,Couscous Complet 1kg,Grains,Sousse,Wholesale,12,7.2,0.0,86.4,37.2
2193,2025-01-08,Couscous Fin 1kg,Grains,Monastir,Retail,2,5.8,0.0,11.6,4.8
2595,2025-04-05,Harissa Traditionnelle 200g,Condiments,Sousse,Online,1,6.5,0.0,6.5,3.3
2276,2025-01-28,Dattes Deglet Nour 1kg,Dates,Monastir,Retail,3,14.0,10.0,37.8,12.3
3269,2025-08-26,Huile d'Olive Extra Vierge 1L,Olive Oil,Bizerte,Wholesale,12,28.5,15.0,290.7,62.7
2753,2025-05-13,Couscous Complet 1kg,Grains,Bizerte,Wholesale,12,7.2,5.0,82.08,32.88
3214,2025-08-15,Huile d'Olive Extra Vierge 1L,Olive Oil,tunis,Retail,1,28.5,0.0,28.5,9.5
2587,04/04/2025,Huile d'Olive Extra Vierge 1L,Olive Oil,Bizerte,Retail,4,28.5,20.0,91.2,15.2
2407,2025-02-27,Couscous Fin 1kg,Grains,Sfax,Retail,2,5.8,0.0,11.6,4.8
1370,2024-07-14,Huile d'Olive Extra Vierge 5L,Olive Oil,Gabes,Retail,1,132.0,0.0,132.0,40.0
2329,2025-02-11,Bsissa Traditionnelle 500g,Grains,Sfax,Retail,6,9.5,0.0,57.0,27.0
1306,2024-06-26,Miel de Thym 250g,Honey,Sousse,Wholesale,4,32.0,0.0,128.0,48.0
1539,2024-09-03,Couscous Fin 1kg,Grains,Tunis,Retail,1,5.8,5.0,5.51,2.11
3280,2025-08-29,Huile d'Olive Extra Vierge 5L,Olive Oil,Tunis,Retail,2,132.0,15.0,224.4,40.4
2321,2025-02-09,Dattes Deglet Nour 5kg,Dates,Sfax,Online,1,62.0,0.0,62.0,23.0
2697,2025-04-28,Huile d'Olive Extra Vierge 5L,Olive Oil,Tunis,Wholesale,5,132.0,5.0,627.0,167.0
2613,2025-04-07,Huile d'Olive Extra Vierge 5L,Olive Oil,Tunis,Online,3,132.0,0.0,396.0,120.0
2376,2025-02-21,Miel de Thym 250g,Honey,Sousse,Online,6,32.0,5.0,182.4,62.4
2958,2025-06-25,Huile d'Olive Extra Vierge 1L,Olive Oil,Sfax,Online,2,28.5,10.0,51.3,13.3
2558,2025-03-28,Dattes Deglet Nour 5kg,Dates,Tunis,Retail,2,62.0,0.0,124.0,46.0
1553,2024-09-07,Harissa Traditionnelle 200g,Condiments,Monastir,Wholesale,3,6.5,0.0,19.5,9.9
2709,2025-04-29,Couscous Complet 1kg,Grains,Sousse,Wholesale,20,7.2,0.0,144.0,62.0
3328,2025-09-09,Harissa 1kg (pro),Condiments,Tunis,Retail,1,24.0,0.0,24.0,11.5
2165,2025-01-04,Bsissa Traditionnelle 500g,Grains,Monastir,Retail,1,9.5,0.0,9.5,4.5
3460,2025-09-30,Miel de Thym 250g,Honey,Sousse,Online,1,32.0,0.0,32.0,12.0
3173,2025-08-07,Couscous Fin 1KG,Grains,Sousse,Online,1,5.8,0.0,5.8,2.4
2948,2025-06-23,Couscous Complet 1kg,Grains,,Online,1,7.2,5.0,6.84,2.74
3079,2025-07-19,Dattes Deglet Nour 1kg,Dates,Sousse,Wholesale,20,14.0,0.0,280.0,110.0
1225,2024-06-05,Dattes Deglet Nour 1kg,Dates,Monastir,Wholesale,8,14.0,0.0,112.0,44.0
2696,2025-04-28,Huile d'Olive Extra Vierge 1L,Olive Oil,monastir,Retail,3,28.5,15.0,72.67,15.67
1732,2024-10-18,Couscous Fin 1kg,Grains,Gabes,Retail,3,5.8,0.0,17.4,7.2
3108,2025-07-25,Couscous Fin 1kg,Grains,Monastir,Online,1,5.8,0.0,5.8,2.4
2645,2025-04-14,Huile d'Olive Extra Vierge 5L,Olive Oil,Gabes,Online,6,132.0,10.0,712.8,160.8
1341,2024-07-06,Bsissa Traditionnelle 500g,Grains,Tunis,Wholesale,48,9.5,0.0,456.0,216.0
1524,2024-08-27,Miel de Thym 250g,Honey,Sfax,Retail,1,32.0,,32.0,12.0
2754,2025-05-14,Dattes Deglet Nour 5kg,Dates,,Wholesale,16,62.0,0.0,992.0,368.0
2533,2025-03-23,Dattes Deglet Nour 5kg,Dates,Monastir,Wholesale,40,62.0,10.0,2232.0,672.0
2269,2025-01-26,Harissa 1kg (pro),Condiments,Tunis,Wholesale,16,24.0,0.0,384.0,184.0
2007,2024-12-08,Miel de Thym 250g,Honey,Sfax,Wholesale,4,32.0,5.0,121.6,41.6
2742,2025-05-10,Couscous Fin 1kg,Grains,Tunis,Online,10,5.8,0.0,58.0,24.0
2419,2025-03-02,Bsissa Traditionnelle 500g,Grains,Tunis,Retail,20,9.5,0.0,190.0,90.0
2667,2025-04-21,Huile d'Olive Extra Vierge 5L,Olive Oil,Tunis,Retail,3,132.0,0.0,396.0,120.0
2926,2025-06-18,Huile d'Olive Extra Vierge 1L,Olive Oil,Tunis,Retail,12,28.5,0.0,342.0,114.0
1757,2024-10-24,Huile d'Olive Extra Vierge 1L,Olive Oil,Sfax,Retail,1,28.5,15.0,24.22,5.22
2203,2025-01-11,Dattes Deglet Nour 5kg,Dates,Sousse,Wholesale,6,62.0,0.0,372.0,138.0
1728,2024-10-17,Huile d'Olive Extra Vierge 5L,Olive Oil,Tunis,Retail,1,132.0,10.0,118.8,26.8
3334,2025-09-10,Couscous Complet 1kg,Grains,Tunis,Online,3,7.2,0.0,21.6,9.3
1843,2024-11-07,Couscous Fin 1kg,Grains,Gabes,Wholesale,16,5.8,0.0,92.8,38.4
1276,2024-06-18,Dattes Deglet Nour 1kg,Dates,Bizerte,Retail,1,14.0,0.0,14.0,5.5
1551,2024-09-06,Couscous Fin 1kg,Grains,Sousse,Wholesale,6,5.8,0.0,34.8,14.4
1069,2024-04-18,Huile d'Olive Extra Vierge 5L,Olive Oil,Tunis,Online,1,132.0,0.0,132.0,40.0
1654,2024-10-02,Harissa Traditionnelle 200g,Condiments,Bizerte,Wholesale,9,6.5,0.0,58.5,29.7
3011,2025-07-05,Harissa Traditionnelle 200g,Condiments,Sousse,Retail,1,6.5,0.0,6.5,3.3
1935,2024-11-25,Huile d'Olive Extra Vierge 1L,Olive Oil,Sousse,Wholesale,15,28.5,10.0,384.75,99.75
2556,2025-03-27,Harissa Traditionnelle 200g,Condiments,Sfax,Online,6,6.5,10.0,35.1,15.9
2148,2024-12-31,Harissa Traditionnelle 200g,Condiments,Gabes,Online,2,6.5,0.0,13.0,6.6
1117,2024-04-29,Dattes Deglet Nour 1kg,Dates,Sousse,Wholesale,12,14.0,0.0,168.0,66.0
1173,2024-05-20,Dattes Deglet Nour 5kg,Dates,Sousse,Wholesale,15,62.0,0.0,930.0,345.0
2535,2025-03-23,Couscous Fin 1kg,Grains,Monastir,Retail,6,5.8,0.0,34.8,14.4
3227,2025-08-17,Huile d'Olive Extra Vierge 1L,Olive Oil,Gabes,Online,2,28.5,15.0,48.45,10.45
1047,2024-04-12,Huile d'Olive Extra Vierge 1L,Olive Oil,Sfax,Retail,3,28.5,15.0,72.67,15.67
2157,2025-01-02,Dattes Deglet Nour 1kg,Dates,Monastir,Online,4,14.0,10.0,50.4,16.4
2541,2025-03-24,Huile d'Olive Extra Vierge 5L,Olive Oil,Tunis,Wholesale,6,132.0,10.0,712.8,160.8
1301,2024-06-25,Couscous Fin 1kg,Grains,Tunis,WHOLESALE,36,5.8,0.0,208.8,86.4
2807,2025-05-25,Harissa Traditionnelle 200g,Condiments,Sousse,Retail,1,6.5,0.0,6.5,3.3
2941,2025-06-21,Harissa Traditionnelle 200g,Condiments,Bizerte,Retail,4,6.5,0.0,26.0,13.2
2874,2025-06-05,Huile d'Olive Extra Vierge 1L,Olive Oil,Bizerte,Retail,2,28.5,10.0,51.3,13.3
2842,2025-05-31,Dattes Deglet Nour 1kg,Dates,Sfax,Retail,6,14.0,0.0,84.0,33.0
2183,2025-01-07,Huile d'Olive Extra Vierge 1L,Olive Oil,Sousse,Wholesale,50,28.5,5.0,1353.75,403.75
2446,2025-03-07,Huile d'Olive Extra Vierge 5L,Olive Oil,Tunis,Retail,2,132.0,20.0,211.2,27.2
1711,2024-10-13,Dattes Deglet Nour 1kg,Dates,Tunis,Retail,4,14.0,5.0,53.2,19.2
2859,2025-06-02,Harissa 1kg (pro),Condiments,Monastir,Wholesale,15,24.0,0.0,360.0,172.5
3354,2025-09-13,Harissa 1kg (pro),Condiments,Sousse,Online,1,24.0,5.0,22.8,10.3
1119,2024-04-29,Huile d'Olive Extra Vierge 1L,Olive Oil,Sousse,Wholesale,18,28.5,5.0,487.35,145.35
2992,2025-07-03,Bsissa Traditionnelle 500g,Grains,Monastir,Retail,1,9.5,0.0,9.5,4.5
2406,2025-02-27,Harissa Traditionnelle 200g,Condiments,Gabes,Retail,20,6.5,5.0,123.5,59.5
1548,2024-09-06,Miel de Thym 250g,Honey,Sousse,Wholesale,20,32.0,5.0,608.0,208.0
2072,2024-12-20,Couscous Complet 1kg,Grains,Gabes,Online,6,7.2,0.0,43.2,18.6
3218,16/08/2025,Bsissa Traditionnelle 500g,Grains,Tunis,Wholesale,6,9.5,0.0,57.0,27.0
3352,2025-09-13,Huile d'Olive Extra Vierge 1L,Olive Oil,Gabes,Online,6,28.5,5.0,162.45,48.45
2454,2025-03-08,Harissa Traditionnelle 200g,Condiments,Sfax,Retail,3,6.5,0.0,19.5,9.9
1457,2024-08-07,Dattes Deglet Nour 1kg,Dates,Sfax,Retail,4,14.0,5.0,53.2,19.2
1271,2024-06-17,Dattes Deglet Nour 5kg,Dates,Monastir,Retail,1,62.0,0.0,62.0,23.0
1266,2024-06-16,Dattes Deglet Nour 1kg,Dates,Tunis,Online,2,14.0,5.0,26.6,9.6
2988,2025-07-01,Couscous Fin 1kg,Grains,Bizerte,Online,2,5.8,5.0,11.02,4.22
2663,2025-04-20,Huile d'Olive Extra Vierge 5L,Olive Oil,Tunis,Retail,10,132.0,15.0,1122.0,202.0
2380,2025-02-22,Couscous Fin 1kg,Grains,Bizerte,Wholesale,80,5.8,5.0,440.8,168.8
2080,2024-12-20,Harissa 1kg (pro),Condiments,Tunis,Online,1,24.0,0.0,24.0,11.5
2802,2025-05-24,Couscous Complet 1kg,Grains,Sousse,Wholesale,5,7.2,10.0,32.4,11.9
1917,2024-11-21,Couscous Complet 1kg,Grains, Bizerte ,Retail,12,7.2,0.0,86.4,37.2
2098,2024-12-23,Harissa 1kg (pro),Condiments,Bizerte,Retail,2,24.0,0.0,48.0,23.0
1733,2024-10-18,Harissa Traditionnelle 200g,Condiments,Monastir,Wholesale,4,6.5,0.0,26.0,13.2
2173,2025-01-05,Dattes Deglet Nour 1kg,Dates,Gabes,Wholesale,20,14.0,5.0,266.0,96.0
2562,2025-03-29,Bsissa Traditionnelle 500g,Grains,Monastir,Wholesale,5,9.5,10.0,42.75,17.75
2117,2024-12-27,Dattes Deglet Nour 1kg,Dates,Bizerte,Retail,2,14.0,0.0,28.0,11.0
1408,2024-07-24,Bsissa Traditionnelle 500g,Grains,Sousse,Retail,4,9.5,10.0,34.2,14.2
2660,2025-04-19,Huile d'Olive Extra Vierge 5L,Olive Oil,Tunis,Retail,1,132.0,10.0,118.8,26.8
3010,2025-07-05,Miel de Thym 250g,Honey,Sousse,Wholesale,8,32.0,5.0,243.2,83.2
1501,2024-08-21,Huile d'Olive Extra Vierge 1L,Olive Oil,Sousse,Retail,3,28.5,15.0,72.67,15.67
3381,2025-09-17,Huile d'Olive Extra Vierge 1L,Olive Oil,Tunis,Retail,1,28.5,5.0,27.07,8.07
3065,15/07/2025,Miel de Thym 250g,Honey,Gabes,Retail,1,32.0,0.0,32.0,12.0
2625,2025-04-09,Bsissa Traditionnelle 500g,Grains,,Wholesale,5,9.5,10.0,42.75,17.75
2996,2025-07-03,Miel de Thym 250g,Honey,Monastir,Retail,3,32.0,5.0,91.2,31.2
2820,2025-05-27,Harissa 1kg (pro),Condiments,Gabes,Wholesale,10,24.0,5.0,228.0,103.0
1808,2024-10-31,Dattes Deglet Nour 1kg,Dates,Sfax,Online,13,14.0,0.0,182.0,71.5
2374,2025-02-21,Dattes Deglet Nour 5kg,Dates,Sfax,Wholesale,20,62.0,10.0,1116.0,336.0
2058,2024-12-18,Huile d'Olive Extra Vierge 1L,Olive Oil,Bizerte,Retail,1,28.5,5.0,27.07,8.07
1541,2024-09-03,Bsissa Traditionnelle 500g,Grains,Tunis,Wholesale,6,9.5,0.0,57.0,27.0
1036,2024-04-10,Bsissa Traditionnelle 500g,Grains,Gabes,Wholesale,5,9.5,0.0,47.5,22.5
1998,2024-12-06,Harissa 1kg (pro),Condiments,Sousse,Retail,1,24.0,0.0,24.0,11.5
2793,2025-05-23,Huile d'Olive Extra Vierge 1L,Olive Oil,Sfax,Wholesale,9,28.5,0.0,256.5,85.5
1899,2024-11-18,Harissa Traditionnelle 200g,Condiments,Gabes,Wholesale,4,6.5,0.0,26.0,13.2
1756,2024-10-23,Bsissa Traditionnelle 500g,Grains,Sfax,Retail,10,9.5,5.0,90.25,40.25
1316,2024-06-28,Harissa Traditionnelle 200g,Condiments,Sfax,Retail,1,6.5,0.0,6.5,3.3
2485,2025-03-15,Miel de Thym 250g,Honey,Sousse,Retail,1,32.0,10.0,28.8,8.8
3399,2025-09-19,Couscous Fin 1kg,Grains,Monastir,Wholesale,4,5.8,10.0,20.88,7.28
1087,2024-04-23,Bsissa Traditionnelle 500g,Grains,Sfax,Wholesale,4,9.5,5.0,36.1,16.1
2469,2025-03-12,Huile d'Olive Extra Vierge 1L,Olive Oil,Tunis,Wholesale,18,28.5,0.0,513.0,171.0
2015,2024-12-10,Couscous Complet 1kg,Grains,Tunis,Retail,6,7.2,5.0,41.04,16.44
1665,2024-10-04,Dattes Deglet Nour 5kg,Dates,Sfax,Retail,4,62.0,0.0,248.0,92.0
1043,2024-04-12,Harissa Traditionnelle 200g,Condiments,Tunis,Retail,3,6.5,0.0,19.5,9.9
2073,2024-12-20,Couscous Fin 1kg,Grains,Tunis,Retail,2,5.8,10.0,10.44,3.64
2722,2025-05-04,Huile d'Olive Extra Vierge 5L,Olive Oil,Monastir,Online,6,132.0,15.0,673.2,121.2
1509,23/08/2024,Dattes Deglet Nour 5kg,Dates,Monastir,Wholesale,9,62.0,0.0,558.0,207.0
2001,2024-12-07,Harissa 1kg (pro),Condiments,Tunis,Retail,3,24.0,0.0,72.0,34.5
1892,2024-11-17,Couscous Complet 1kg,Grains,Sfax,Online,4,7.2,5.0,27.36,10.96
2166,2025-01-04,Harissa Traditionnelle 200g,Condiments,Sousse,Retail,1,6.5,0.0,6.5,3.3
3235,2025-08-18,Harissa Traditionnelle 200g,Condiments,Gabes,Online,2,6.5,0.0,13.0,6.6
2361,18/02/2025,Huile d'Olive Extra Vierge 1L,Olive Oil,Sfax,Online,1,28.5,10.0,25.65,6.65
2782,2025-05-20,Harissa Traditionnelle 200g,Condiments,Tunis,Wholesale,9,6.5,10.0,52.65,23.85
1795,2024-10-29,Couscous Complet 1kg,Grains,Sousse,Retail,2,7.2,5.0,13.68,5.48
2762,2025-05-15,Couscous Fin 1kg,Grains,Bizerte,Online,1,5.8,0.0,5.8,2.4
3310,2025-09-06,Harissa 1kg (pro),Condiments,Sousse,Retail,6,24.0,0.0,144.0,69.0
1751,2024-10-22,Dattes Deglet Nour 5kg,Dates,Monastir,Retail,26,62.0,0.0,1612.0,598.0
1129,2024-05-02,Huile d'Olive Extra Vierge 1L,Olive Oil,Monastir,Retail,1,28.5,0.0,28.5,9.5
1813,2024-11-02,Harissa Traditionnelle 200g,Condiments,Bizerte,Retail,1,6.5,0.0,6.5,3.3
2598,2025-04-05,Couscous Complet 1kg,Grains,Sousse,Retail,6,7.2,0.0,43.2,18.6
2372,2025-02-20,Huile d'Olive Extra Vierge 1L,Olive Oil,Gabes,Retail,1,28.5,15.0,24.22,5.22
2964,2025-06-26,Bsissa Traditionnelle 500g,Grains,Tunis,Retail,1,9.5,0.0,9.5,4.5
2565,2025-03-30,Dattes Deglet Nour 1kg,Dates,Sfax,Wholesale,18,14.0,10.0,226.8,73.8
1617,2024-09-24,Dattes Deglet Nour 5kg,Dates,Gabes,Retail,2,62.0,0.0,124.0,46.0
2984,2025-06-30,Couscous Fin 1kg,Grains,Gabes,Retail,1,5.8,0.0,5.8,2.4
1836,2024-11-04,Dattes Deglet Nour 1kg,Dates,Tunis,Retail,4,14.0,0.0,56.0,22.0
1709,2024-10-13,Bsissa Traditionnelle 500g,Grains,Bizerte,Wholesale,3,9.5,0.0,28.5,13.5
2078,2024-12-20,Miel de Thym 250g,Honey,Bizerte,Retail,2,32.0,5.0,60.8,20.8
3151,2025-08-02,Huile d'Olive Extra Vierge 5L,Olive Oil,Sfax,Wholesale,12,132.0,5.0,1504.8,400.8
3121,2025-07-26,Bsissa Traditionnelle 500g,Grains,Sousse,Retail,2,9.5,5.0,18.05,8.05
2368,2025-02-19,Couscous Fin 1kg,Grains,Sousse,Retail,3,5.8,0.0,17.4,7.2
2450,2025-03-08,Dattes Deglet Nour 1kg,Dates,Gabes,Wholesale,15,14.0,5.0,199.5,72.0
1154,2024-05-10,Huile d'Olive Extra Vierge 5L,Olive Oil,Monastir,online,20,132.0,20.0,2112.0,272.0
2455,2025-03-08,Huile d'Olive Extra Vierge 5L,Olive Oil,Tunis,Online,2,132.0,0.0,264.0,80.0
1371,2024-07-15,Harissa 1kg (pro),Condiments,Tunis,Online,12,24.0,0.0,288.0,138.0
1576,2024-09-12,Dattes Deglet Nour 1kg,Dates,Sousse,Retail,2,14.0,0.0,28.0,11.0
1894,2024-11-17,Harissa 1kg (pro),Condiments,Sousse,Wholesale,16,24.0,0.0,384.0,184.0
1404,2024-07-23,Harissa 1kg (pro),Condiments,Sfax,Online,4,24.0,10.0,86.4,36.4
1744,2024-10-21,Huile d'Olive Extra Vierge 5L,Olive Oil,Tunis,Retail,2,132.0,20.0,211.2,27.2
1298,2024-06-24,Couscous Fin 1kg,Grains,Sousse,Wholesale,16,5.8,0.0,92.8,38.4
3254,2025-08-23,Couscous Fin 1kg,Grains,Tunis,Retail,1,5.8,0.0,5.8,2.4
2920,2025-06-17,Dattes Deglet Nour 1kg,Dates,Sfax,Retail,3,14.0,5.0,39.9,14.4
2006,07/12/2024,Harissa Traditionnelle 200g,Condiments,Sousse,Retail,4,6.5,0.0,26.0,13.2
1128,2024-05-02,Dattes Deglet Nour 1kg,Dates,Sfax,Wholesale,4,14.0,0.0,56.0,22.0
2837,2025-05-30,Couscous Complet 1kg,Grains,Gabes,Wholesale,9,7.2,5.0,61.56,24.66
3387,2025-09-18,Couscous Complet 1kg,Grains,Bizerte,Retail,3,7.2,5.0,20.52,8.22
3059,2025-07-14,Dattes Deglet Nour 5kg,Dates,Bizerte,Retail,4,62.0,0.0,248.0,92.0
2344,2025-02-15,Dattes Deglet Nour 5kg,Dates, Tunis ,Online,2,62.0,0.0,124.0,46.0
1354,2024-07-11,Couscous Fin 1kg,Grains,Monastir,Retail,1,5.8,0.0,5.8,2.4
3075,2025-07-18,Harissa Traditionnelle 200g,Condiments,Gabes,Wholesale,9,6.5,5.0,55.57,26.77
1055,2024-04-14,Harissa Traditionnelle 200g,Condiments,Bizerte,Wholesale,12,6.5,0.0,78.0,39.6
2605,2025-04-06,Miel de Thym 250g,Honey,Tunis,Retail,2,32.0,10.0,57.6,17.6
2775,2025-05-18,Dattes Deglet Nour 1kg,Dates,Tunis,Retail,2,14.0,0.0,28.0,11.0
2889,2025-06-08,Miel de Thym 250g,Honey,Sfax,Retail,2,32.0,0.0,64.0,24.0
1295,2024-06-23,Bsissa Traditionnelle 500g,Grains,Monastir,Online,12,9.5,0.0,114.0,54.0
2238,2025-01-18,Harissa 1kg (pro),Condiments,bizerte,Online,2,24.0,0.0,48.0,23.0
2236,2025-01-17,Couscous Fin 1kg,Grains,Sousse,Online,2,5.8,0.0,11.6,4.8
1650,2024-10-01,Dattes Deglet Nour 5kg,Dates,Sfax,RETAIL,44,62.0,0.0,2728.0,1012.0
3066,2025-07-15,Huile d'Olive Extra Vierge 5L,Olive Oil,Monastir,Retail,3,132.0,10.0,356.4,80.4
1796,2024-10-29,Dattes Deglet Nour 1kg,Dates,Tunis,Wholesale,13,14.0,10.0,163.8,53.3
2912,2025-06-14,Couscous Complet 1kg,Grains,Monastir,Retail,1,7.2,0.0,7.2,3.1
2458,2025-03-09,Dattes Deglet Nour 1kg,Dates,Gabes,Wholesale,3,14.0,0.0,42.0,16.5
1214,2024-06-02,Miel de Thym 250g,Honey,Bizerte,Wholesale,6,32.0,0.0,192.0,72.0
2692,27/04/2025,Couscous Fin 1kg,Grains,Sfax,Retail,2,5.8,0.0,11.6,4.8
1414,2024-07-26,Miel de Thym 250g,Honey,Sfax,Retail,10,32.0,5.0,304.0,104.0
1120,2024-04-29,Bsissa Traditionnelle 500g,Grains,Monastir,Wholesale,24,9.5,10.0,205.2,85.2
1536,2024-09-01,Couscous Fin 1kg,Grains,Sousse,Retail,1,5.8,10.0,5.22,1.82
2956,2025-06-24,Dattes Deglet Nour 1kg,Dates,Gabes,Wholesale,15,14.0,0.0,210.0,82.5
1320,2024-06-30,Huile d'Olive Extra Vierge 1L,Olive Oil,Bizerte,Online,1,28.5,0.0,28.5,9.5
3287,2025-08-30,Dattes Deglet Nour 1kg,Dates,Tunis,Wholesale,4,14.0,5.0,53.2,19.2
1556,2024-09-07,Huile d'Olive Extra Vierge 1L,Olive Oil,Tunis,Retail,2,28.5,0.0,57.0,19.0
2153,2024-12-31,Harissa 1kg (pro),Condiments,Tunis,Retail,1,24.0,0.0,24.0,11.5
1922,2024-11-22,Dattes Deglet Nour 5kg,Dates,Bizerte,Retail,6,62.0,0.0,372.0,138.0
1743,2024-10-21,Huile d'Olive Extra Vierge 1L,Olive Oil,Tunis,Wholesale,8,28.5,0.0,228.0,76.0
1104,2024-04-27,Miel de Thym 250g,Honey,Monastir,Retail,20,32.0,0.0,640.0,240.0
2052,2024-12-17,Dattes Deglet Nour 1kg,Dates,Sfax,Online,4,14.0,5.0,53.2,19.2
3373,2025-09-16,Huile d'Olive Extra Vierge 1L,Olive Oil,Monastir,Online,20,28.5,10.0,513.0,133.0
1156,2024-05-12,Dattes Deglet Nour 5kg,Dates,Tunis,Wholesale,12,62.0,0.0,744.0,276.0
2019,2024-12-10,Miel de Thym 250g,Honey,Tunis,Online,10,32.0,10.0,288.0,88.0
1876,2024-11-12,Huile d'Olive Extra Vierge 5L,Olive Oil,Bizerte,Online,2,132.0,5.0,250.8,66.8
2528,2025-03-23,Bsissa Traditionnelle 500g,Grains,Tunis,Retail,12,9.5,0.0,114.0,54.0
2154,2025-01-01,Huile d'Olive Extra Vierge 1L,Olive Oil,Sousse,Online,2,28.5,0.0,57.0,19.0
1380,2024-07-17,Huile d'Olive Extra Vierge 1L,Olive Oil,Bizerte,Wholesale,15,28.5,15.0,363.38,78.38
3250,2025-08-22,Dattes Deglet Nour 5kg,Dates,Tunis,Retail,1,62.0,0.0,62.0,23.0
2739,2025-05-09,Bsissa Traditionnelle 500g,Grains,Sfax,Retail,2,9.5,5.0,18.05,8.05
1453,2024-08-06,Miel de Thym 250g,Honey,Sfax,Online,4,32.0,0.0,128.0,48.0
2328,2025-02-11,Dattes Deglet Nour 5kg,Dates,Tunis,Wholesale,15,62.0,0.0,930.0,345.0
3140,2025-07-31,Couscous Complet 1kg,Grains,Sfax,Wholesale,10,7.2,5.0,68.4,27.4
1710,2024-10-13,Harisa Traditionnelle 200g,Condiments,Monastir,Retail,4,6.5,5.0,24.7,11.9
2205,2025-01-12,Couscous Fin 1kg,Grains,Monastir,Online,2,5.8,10.0,10.44,3.64
2242,2025-01-19,Couscous Fin 1kg,Grains,Sousse,Retail,10,5.8,0.0,58.0,24.0
3258,2025-08-24,Miel de Thym 250g,Honey,Monastir,Wholesale,80,32.0,0.0,2560.0,960.0
2255,2025-01-22,Bsissa Traditionnelle 500g,Grains,Bizerte,Retail,1,9.5,0.0,9.5,4.5
1707,2024-10-12,Couscous Complet 1kg,Grains,Gabes,Retail,2,7.2,0.0,14.4,6.2
2287,2025-01-31,Harissa 1kg (pro),Condiments,Sfax,Online,6,24.0,5.0,136.8,61.8
2360,2025-02-18,Miel de Thym 250g,Honey,Bizerte,Retail,2,32.0,5.0,60.8,20.8
2953,2025-06-24,Couscous Fin 1kg,Grains,Tunis,Retail,20,5.8,0.0,116.0,48.0
3375,2025-09-16,Dattes Deglet Nour 1kg,Dates,Tunis,Online,2,14.0,5.0,26.6,9.6
3451,2025-09-29,Huile d'Olive Extra Vierge 5L,Olive Oil,Gabes,Online,10,132.0,5.0,1254.0,334.0
1361,2024-07-12,Couscous Fin 1kg,Grains,Gabes,Wholesale,12,5.8,0.0,69.6,28.8
3220,2025-08-16,Dattes Deglet Nour 5kg,Dates,Bizerte,Online,1,62.0,0.0,62.0,23.0
1183,2024-05-24,Couscous Complet 1kg,Grains,Tunis,wholesale,6,7.2,5.0,41.04,16.44
2379,2025-02-22,Couscous Complet 1kg,Grains,Bizerte,Retail,3,7.2,0.0,21.6,9.3
3350,2025-09-13,Couscous Fin 1kg,Grains,Gabes,Retail,4,5.8,0.0,23.2,9.6
2493,2025-03-17,Couscous Complet 1kg,Grains,Bizerte,Wholesale,80,7.2,10.0,518.4,190.4
1787,2024-10-28,Huile d'Olive Extra Vierge 1L,Olive Oil,Tunis,Retail,10,28.5,20.0,228.0,38.0
1304,2024-06-26,Bsissa Traditionnelle 500g,Grains,Tunis,Wholesale,15,9.5,5.0,135.38,60.38
1174,2024-05-20,Miel de Thym 250g,Honey,Sousse,Retail,2,32.0,0.0,64.0,24.0
3260,2025-08-24,Couscous Complet 1kg,Grains,Tunis,Retail,4,7.2,0.0,28.8,12.4
2809,2025-05-25,Huile d'Olive Extra Vierge 1L,Olive Oil,Monastir,Wholesale,10,28.5,15.0,242.25,52.25
2659,2025-04-18,Couscous Fin 1kg,Grains,Tunis,Retail,1,5.8,0.0,5.8,2.4
1431,2024-08-01,Harissa Traditionnelle 200g,Condiments,Monastir,Retail,3,6.5,5.0,18.52,8.92
2963,26/06/2025,Dattes Deglet Nour 1kg,Dates,Monastir,Retail,12,14.0,5.0,159.6,57.6
3447,2025-09-29,Harissa Traditionnelle 200g,Condiments,,Wholesale,12,6.5,0.0,78.0,39.6
1287,2024-06-20,Harissa 1kg (pro),Condiments,Sfax,Online,10,24.0,0.0,240.0,115.0
1720,2024-10-15,Huile d'Olive Extra Vierge 5L,Olive Oil,Tunis,Retail,1,132.0,10.0,118.8,26.8
2844,2025-05-31,Miel de Thym 250g,Honey,Gabes,Retail,10,32.0,5.0,304.0,104.0
3180,2025-08-08,Bsissa Traditionnelle 500g,Grains,Tunis,Online,2,9.5,,19.0,9.0
2572,2025-04-01,Huile d'Olive Extra Vierge 1L,Olive Oil,Monastir,Online,2,28.5,0.0,57.0,19.0
2780,2025-05-19,Couscous Fin 1kg,Grains,Sousse,Wholesale,24,5.8,0.0,139.2,57.6
1591,2024-09-17,Harissa Traditionnelle 200g,Condiments,Tunis,Retail,2,6.5,0.0,13.0,6.6
1514,2024-08-24,Dattes Deglet Nour 1kg,Dates,Sfax,Retail,2,14.0,0.0,28.0,11.0
3436,2025-09-26,Huile d'Olive Extra Vierge 1L,Olive Oil,Tunis,Wholesale,20,28.5,10.0,513.0,133.0
1110,2024-04-27,Harissa 1kg (pro),Condiments,Sfax,Online,4,24.0,0.0,96.0,46.0
2557,2025-03-27,Harissa Traditionnelle 200g,Condiments,Sousse,Wholesale,20,6.5,0.0,130.0,66.0
2913,2025-06-15,Dattes Deglet Nour 5kg,Dates,Sfax,Retail,3,62.0,0.0,186.0,69.0
3246,2025-08-22,Dattes Deglet Nour 5kg,Dates,Sousse,Wholesale,16,62.0,0.0,992.0,368.0
2682,2025-04-24,Couscous Fin 1kg,Grains,Bizerte,Wholesale,3,5.8,0.0,17.4,7.2
3414,2025-09-22,Miel de Thym 250g,Honey,Bizerte,Retail,6,32.0,5.0,182.4,62.4
2013,2024-12-10,Huile d'Olive Extra Vierge 5L,Olive Oil,Sousse,Online,6,132.0,15.0,673.2,121.2
1775,2024-10-27,Huile d'Olive Extra Vierge 5L,Olive Oil,Sfax,Retail,2,132.0,0.0,264.0,80.0
2060,2024-12-18,Dattes Deglet Nour 1kg,Dates,Tunis,Wholesale,35,14.0,5.0,465.5,168.0
1369,2024-07-14,Couscous Fin 1kg,Grains,Monastir,Online,1,5.8,0.0,5.8,2.4
1705,2024-10-12,Couscous Fin 1kg,Grains,Bizerte,Retail,3,5.8,5.0,16.53,6.33
1979,2024-12-04,Dattes Deglet Nour 5kg,Dates,Gabes,Wholesale,6,62.0,0.0,372.0,138.0
1718,2024-10-15,Miel de Thym 250g,Honey,Sfax,Wholesale,3,32.0,5.0,91.2,31.2
3457,2025-09-30,Huile d'Olive Extra Vierge 1L,Olive Oil,Gabes,Retail,3,28.5,0.0,85.5,28.5
3321,2025-09-08,Harissa Traditionnelle 200g,Condiments,Sfax,Retail,20,6.5,0.0,130.0,66.0
1092,2024-04-24,Dattes Deglet Nour 5kg,Dates,Gabes,Retail,2,62.0,0.0,124.0,46.0
1855,2024-11-09,Harissa 1kg (pro),Condiments,Monastir,Retail,2,24.0,0.0,48.0,23.0
2069,2024-12-19,Dattes Deglet Nour 1kg,Dates,Tunis,Online,6,14.0,0.0,84.0,33.0
2267,2025-01-25,Dattes Deglet Nour 5kg,Dates,Bizerte,Retail,1,62.0,0.0,62.0,23.0
1267,2024-06-16,Huile d'Olive Extra Vierge 5L,Olive Oil,Gabes,Retail,1,132.0,15.0,112.2,20.2
2271,2025-01-26,Couscous Complet 1kg,Grains,Sousse,Wholesale,12,7.2,0.0,86.4,37.2
2503,2025-03-17,Dattes Deglet Nour 1kg,Dates,Gabes,Retail,2,14.0,5.0,26.6,9.6
1875,2024-11-12,Harissa Traditionnelle 200g,Condiments,Sousse,Wholesale,20,6.5,0.0,130.0,66.0
1294,2024-06-23,Huile d'Olive Extra Vierge 1L,Olive Oil,bizerte,Retail,3,28.5,0.0,85.5,28.5
1616,2024-09-23,Dattes Deglet Nour 5kg,Dates,Sfax,Wholesale,40,62.0,0.0,2480.0,920.0
1111,2024-04-28,Huile d'Olive Extra Vierge 1L,Olive Oil,Tunis,Online,1,28.5,0.0,28.5,9.5
3004,2025-07-04,Couscous Fin 1kg,Grains,Tunis,Online,20,5.8,0.0,116.0,48.0
3042,2025-07-10,Couscous Fin 1kg,Grains,Sousse,Online,2,5.8,0.0,11.6,4.8
3422,2025-09-24,Miel de Thym 250g,Honey,Sfax,Online,3,32.0,0.0,96.0,36.0
1148,2024-05-08,Dattes Deglet Nour 5kg,Dates,Sousse,Retail,3,62.0,10.0,167.4,50.4
1741,2024-10-20,Harissa 1kg (pro),Condiments,Sfax,Retail,4,24.0,0.0,96.0,46.0
1625,2024-09-27,Dattes Deglet Nour 1kg,Dates,Gabes,Wholesale,6,14.0,0.0,84.0,33.0
1677,2024-10-07,Huile d'Olive Extra Vierge 1L,Olive Oil,Sfax,Wholesale,5,28.5,20.0,114.0,19.0
2619,2025-04-08,Couscous Fin 1kg,Grains,Tunis,Retail,3,5.8,0.0,17.4,7.2
3117,2025-07-26,Dattes Deglet Nour 5kg,Dates,Tunis,Retail,1,62.0,0.0,62.0,23.0
2831,2025-05-28,Dattes Deglet Nour 5kg,Dates,Sousse,Retail,3,62.0,0.0,186.0,69.0
3406,2025-09-20,Harissa Traditionnelle 200g,Condiments,Sousse,Retail,3,6.5,5.0,18.52,8.92
2413,2025-03-01,Huile d'Olive Extra Vierge 1L,Olive Oil,Monastir,Online,6,28.5,0.0,171.0,57.0
3202,2025-08-12,Couscous Complet 1kg,Grains,Tunis,Wholesale,30,7.2,5.0,205.2,82.2
2150,2024-12-31,Miel de Thym 250g,Honey,Sousse,Retail,2,32.0,0.0,64.0,24.0
2727,2025-05-06,Huile d'Olive Extra Vierge 1L,Olive Oil,Monastir,Retail,4,28.5,10.0,102.6,26.6
1603,2024-09-19,Huile d'Olive Extra Vierge 1L,Olive Oil,Sfax,Retail,1,28.5,10.0,25.65,6.65
1554,2024-09-07,Dattes Deglet Nour 1kg,Dates,Sousse,RETAIL,12,14.0,10.0,151.2,49.2
2575,2025-04-01,Huile d'Olive Extra Vierge 1L,Olive Oil,Tunis,Retail,1,28.5,20.0,22.8,3.8
1481,2024-08-14,Bsissa Traditionnelle 500g,Grains,Sfax,Wholesale,36,9.5,0.0,342.0,162.0
3028,2025-07-07,Harissa Traditionnelle 200g,Condiments,Sfax,Online,2,6.5,0.0,13.0,6.6
2750,2025-05-13,Huile d'Olive Extra Vierge 1L,Olive Oil,Sousse,Retail,1,28.5,20.0,22.8,3.8
3302,2025-09-03,Huile d'Olive Extra Vierge 1L,Olive Oil,Monastir,Retail,1,28.5,0.0,28.5,9.5
2363,2025-02-18,Miel de Thym 250g,Honey,Gabes,Online,3,32.0,0.0,96.0,36.0
1027,2024-04-08,Miel de Thym 250g,Honey,Tunis,Online,1,32.0,0.0,32.0,12.0
2923,2025-06-18,Dattes Deglet Nour 1kg,Dates,Tunis,Retail,1,14.0,0.0,14.0,5.5
3016,2025-07-06,Dattes Deglet Nour 5kg,Dates,Sousse,Online,3,62.0,10.0,167.4,50.4
2884,2025-06-07,Couscous Complet 1kg,Grains,Sousse,Retail,2,7.2,0.0,14.4,6.2
2714,2025-05-01,Huile d'Olive Extra Vierge 1L,Olive Oil,Monastir,Wholesale,8,28.5,,216.6,64.6
2277,2025-01-28,Dattes Deglet Nour 1kg,Dates,Sousse,Retail,3,14.0,0.0,42.0,16.5
2949,2025-06-23,Harissa 1kg (pro),Condiments,Tunis,Retail,1,24.0,0.0,24.0,11.5
1805,2024-10-31,Dattes Deglet Nour 1kg,Dates,Sousse,Online,22,14.0,0.0,308.0,121.0
1622,2024-09-27,Huile d'Olive Extra Vierge 1L,Olive Oil,Bizerte,Retail,6,28.5,,145.35,31.35
2302,2025-02-03,Huile d'Olive Extra Vierge 1L,Olive Oil,Sfax,Retail,1,28.5,0.0,28.5,9.5
3188,2025-08-09,Harissa 1kg (pro),Condiments,Sfax,Retail,4,24.0,0.0,96.0,46.0
3122,2025-07-26,Bsissa Traditionnelle 500g,Grains,Tunis,Retail,2,9.5,5.0,18.05,8.05
3157,2025-08-04,Harissa Traditionnelle 200g,Condiments,Sfax,Online,1,6.5,0.0,6.5,3.3
3382,2025-09-17,Dattes Deglet Nour 1kg,Dates,Gabes,Wholesale,4,14.0,0.0,56.0,22.0
2139,2024-12-30,Miel de Thym 250g,Honey,Sousse,Wholesale,6,32.0,0.0,192.0,72.0
3132,2025-07-29,Harissa Traditionnelle 200g,Condiments,Sfax,Wholesale,10,6.5,0.0,65.0,33.0
2345,2025-02-15,Harissa Traditionnelle 200g,Condiments,Sousse,Wholesale,50,6.5,0.0,325.0,165.0
2928,2025-06-19,Couscous Complet 1kg,Grains,Tunis,Online,1,7.2,0.0,7.2,3.1
1491,2024-08-18,Huile d'Olive Extra Vierge 1L,Olive Oil,Gabes,Wholesale,8,28.5,,205.2,53.2
3442,2025-09-28,Harissa Traditionnelle 200g,Condiments,Gabes,Wholesale,3,6.5,5.0,18.52,8.92
1372,2024-07-15,Dattes Deglet Nour 5kg,Dates,Sfax,Retail,1,62.0,5.0,58.9,19.9
1660,2024-10-03,Huile d'Olive Extra Vierge 1L,Olive Oil,Sfax,Wholesale,6,28.5,0.0,171.0,57.0
1285,2024-06-19,Harissa 1kg (pro),Condiments,Bizerte,Online,4,24.0,10.0,86.4,36.4
3112,2025-07-25,Miel de Thym 250g,Honey,Monastir,Wholesale,15,32.0,0.0,480.0,180.0
2554,2025-03-27,Harissa 1kg (pro),Condiments,Tunis,Online,20,24.0,0.0,480.0,230.0
2601,2025-04-05,Couscous Complet 1kg,Grains,Sousse,Wholesale,4,7.2,10.0,25.92,9.52
2161,2025-01-03,Dattes Deglet Nour 1kg,Dates,Tunis,Online,1,14.0,0.0,14.0,5.5
1949,2024-11-28,Harissa 1kg (pro),Condiments,Sousse,Retail,3,24.0,5.0,68.4,30.9
1558,2024-09-07,Miel de Thym 250g,Honey,Bizerte,Wholesale,4,32.0,10.0,115.2,35.2
1978,2024-12-03,Bsissa Traditionnelle 500g,Grains,Tunis,Retail,6,9.5,0.0,57.0,27.0
1867,2024-11-11,Couscous Complet 1kg,Grains,Sfax,Online,10,7.2,0.0,72.0,31.0
1452,2024-08-06,Dattes Deglet Nour 1kg,Dates,Bizerte,Retail,6,14.0,0.0,84.0,33.0
1989,2024-12-04,Bsissa Traditionnelle 500g,Grains,Sousse,Wholesale,15,9.5,0.0,142.5,67.5
2683,2025-04-24,Harissa Traditionnelle 200g,Condiments,Tunis,Online,2,6.5,0.0,13.0,6.6
3409,2025-09-21,Harissa Traditionnelle 200g,Condiments,Monastir,Retail,3,6.5,5.0,18.52,8.92
1731,2024-10-18,Harissa 1kg (pro),Condiments,Bizerte,Wholesale,60,24.0,0.0,1440.0,690.0
2021,2024-12-10,Dattes Deglet Nour 1kg,Dates,Gabes,Online,6,14.0,0.0,84.0,33.0
1798,2024-10-30,Dattes Deglet Nour 1kg,Dates,Tunis,Retail,2,14.0,0.0,28.0,11.0
1719,2024-10-15,Miel de Thym 250g,Honey,Monastir,Retail,20,32.0,0.0,640.0,240.0
2093,2024-12-22,Huile d'Olive Extra Vierge 5L,Olive Oil,Gabes,Retail,3,132.0,15.0,336.6,60.6
3388,2025-09-18,Dattes Deglet Nour 5kg,Dates,Gabes,Online,6,62.0,0.0,372.0,138.0
2542,2025-03-25,Dattes Deglet Nour 5kg,Dates,Bizerte,Retail,20,62.0,0.0,1240.0,460.0
3383,2025-09-18,Harissa Traditionnelle 200g,Condiments,Bizerte,Wholesale,4,6.5,5.0,24.7,11.9
2411,2025-02-28,Bsissa Traditionnelle 500g,Grains,Sousse,Retail,4,9.5,5.0,36.1,16.1
1669,2024-10-05,Huile d'Olive Extra Vierge 1L,Olive Oil, Monastir ,online,2,28.5,0.0,57.0,19.0
1374,2024-07-15,Huile d'Olive Extra Vierge 1L,Olive Oil,Sfax,Wholesale,5,28.5,10.0,128.25,33.25
3013,2025-07-06,Dattes Deglet Nour 1kg,Dates,Sfax,Online,1,14.0,0.0,14.0,5.5
2163,2025-01-04,Harissa Traditionnelle 200g,Condiments,Tunis,Retail,4,6.5,0.0,26.0,13.2
3351,2025-09-13,Huile d'Olive Extra Vierge 1L,Olive Oil,Tunis,Retail,2,28.5,15.0,48.45,10.45
2221,2025-01-14,Couscous Complet 1kg,Grains,Sousse,Wholesale,5,7.2,5.0,34.2,13.7
2686,2025-04-25,Huile d'Olive Extra Vierge 1L,Olive Oil,Bizerte,retail,4,28.5,5.0,108.3,32.3
1147,2024-05-08,Miel de Thym 250g,Honey,Gabes,Online,2,32.0,0.0,64.0,24.0
2418,2025-03-01,Dattes Deglet Nour 1kg,Dates,Sfax,wholesale,9,14.0,5.0,119.7,43.2
1782,2024-10-28,Couscous Fin 1kg,Grains,Sfax,ONLINE,10,5.8,,58.0,24.0
2735,2025-05-08,Dattes Deglet Nour 5kg,Dates,Sfax,Retail,6,62.0,0.0,372.0,138.0
1737,2024-10-19,Harissa Traditionnelle 200g,Condiments,Gabes,Wholesale,3,6.5,0.0,19.5,9.9
1042,2024-04-12,Dattes Deglet Nour 1kg,Dates,Tunis,Retail,4,14.0,5.0,53.2,19.2
2325,2025-02-10,Huile d'Olive Extra Vierge 5L,Olive Oil,Gabes,Retail,4,132.0,10.0,475.2,107.2
2836,2025-05-29,Huile d'Olive Extra Vierge 1L,Olive Oil,Tunis,Retail,4,28.5,5.0,108.3,32.3
2178,2025-01-06,Dattes Deglet Nour 5kg,Dates,Sousse,Retail,1,62.0,0.0,62.0,23.0
1739,2024-10-19,Harissa Traditionnelle 200g,Condiments,Tunis,Wholesale,30,6.5,5.0,185.25,89.25
3295,2025-09-01,Dattes Deglet Nour 1kg,Dates,Tunis,Wholesale,24,14.0,0.0,336.0,132.0
1274,2024-06-18,Miel de Thym 250g,Honey,Gabes,Retail,2,32.0,0.0,64.0,24.0
1848,2024-11-08,Huile d'Olive Extra Vierge 1L,Olive Oil,Tunis,Online,1,28.5,15.0,24.22,5.22
2543,2025-03-25,Couscous Complet 1kg,Grains,Sfax,Retail,10,7.2,0.0,72.0,31.0
2983,2025-06-30,Harissa Traditionnelle 200g,Condiments,Tunis,Retail,3,6.5,0.0,19.5,9.9
2156,2025-01-01,Bsissa Traditionnelle 500g,Grains,Gabes,Retail,3,9.5,0.0,28.5,13.5
3420,2025-09-23,Huile d'Ol ive Extra Vierge 1L,Olive Oil,Sfax,Online,20,28.5,5.0,541.5,161.5
2491,2025-03-16,Couscous Complet 1kg,Grains,Tunis,Wholesale,9,7.2,0.0,64.8,27.9
2610,2025-04-07,Dattes Deglet Nour 1kg,Dates,Sousse,Wholesale,4,14.0,0.0,56.0,22.0
3201,2025-08-12,Dattes Deglet Nour 5kg,Dates,Sfax,Retail,2,62.0,10.0,111.6,33.6
3416,2025-09-22,Bsissa Traditionnelle 500g,Grains,Monastir,Wholesale,12,9.5,5.0,108.3,48.3
3150,2025-08-02,Huile d'Olive Extra Vierge 5L,Olive Oil,Gabes,Online,1,132.0,20.0,105.6,13.6
2070,2024-12-19,Huile d'Olive Extra Vierge 1L,Olive Oil,Sfax,Online,3,28.5,5.0,81.22,24.22
2877,2025-06-06,Harissa Traditionnelle 200g,Condiments,Bizerte,Retail,20,6.5,,130.0,66.0
3363,2025-09-14,Couscous Fin 1kg,Grains,Tunis,Online,2,5.8,0.0,11.6,4.8
2981,2025-06-29,Couscous Complet 1kg,Grains,Sousse,Retail,6,7.2,0.0,43.2,18.6
1086,2024-04-23,Bsissa Traditionnelle 500g,Grains,Tunis,Retail,2,9.5,0.0,19.0,9.0
2821,2025-05-27,Couscous Complet 1kg,Grains,Tunis,Retail,1,7.2,0.0,7.2,3.1
1280,2024-06-18,Dattes Deglet Nour 1kg,Dates,Tunis,Retail,10,14.0,0.0,140.0,55.0
1284,2024-06-19,Harissa 1kg (pro),Condiments,Tunis,Wholesale,12,24.0,0.0,288.0,138.0
1559,2024-09-08,Huile d'Olive Extra Vierge 1L,Olive Oil,Sfax,Retail,3,28.5,15.0,72.67,15.67
2858,2025-06-02,Couscous Fin 1kg,Grains,Sfax,Online,1,5.8,0.0,5.8,2.4
1538,2024-09-02,Couscous Complet 1kg,Grains,Tunis,Retail,1,7.2,0.0,7.2,3.1
1891,2024-11-17,Huile d'Olive Extra Vierge 5L,Olive Oil,Sousse,Retail,3,132.0,5.0,376.2,100.2
1809,2024-11-01,Huile d'Olive Extra Vierge 1L,Olive Oil,Sousse,Retail,3,28.5,10.0,76.95,19.95
2043,2024-12-16,Dattes Deglet Nour 5kg,Dates,Tunis,Wholesale,52,62.0,0.0,3224.0,1196.0
1845,2024-11-07,Dattes Deglet Nour 1kg,Dates,Tunis,Wholesale,17,14.0,0.0,238.0,93.5
1950,2024-11-28,Couscous Fin 1kg,Grains,Gabes,Retail,2,5.8,0.0,11.6,4.8
1699,2024-10-11,Dattes Deglet Nour 1kg,Dates,Tunis,Retail,6,14.0,0.0,84.0,33.0
1995,2024-12-06,Huile d'Olive Extra Vierge 1L,Olive Oil,Bizerte,Wholesale,3,28.5,0.0,85.5,28.5
1967,2024-12-02,Huile d'Olive Extra Vierge 1L,Olive Oil,Monastir,Wholesale,12,28.5,5.0,324.9,96.9
2224,2025-01-15,Couscous Complet 1kg,Grains,Sfax,wholesale,18,7.2,0.0,129.6,55.8
2694,2025-04-27,Couscous Complet 1kg,Grains,Sfax,Retail,4,7.2,5.0,27.36,10.96
1749,2024-10-22,Dattes Deglet Nour 5kg,Dates, Bizerte ,Retail,4,62.0,0.0,248.0,92.0
1201,2024-05-29,Dattes Deglet Nour 5kg,Dates,Gabes,Retail,1,62.0,0.0,62.0,23.0
3239,2025-08-20,Huile d'Olive Extra Vierge 1L,Olive Oil,Sfax,Retail,20,28.5,5.0,541.5,161.5
1375,2024-07-15,Miel de Thym  250g,Honey,Bizerte,Retail,2,32.0,0.0,64.0,24.0
3405,2025-09-20,Couscous Fin 1kg,Grains,Sousse,Online,1,5.8,5.0,5.51,2.11
1397,2024-07-21,Huile d'Olive Extra Vierge 1L,Olive Oil,Tunis,Retail,2,28.5,10.0,51.3,13.3
1633,2024-09-27,Couscous Fin 1kg,Grains,,Wholesale,16,5.8,5.0,88.16,33.76
3358,2025-09-14,Huile d'Olive Extra Vierge 5L,Olive Oil,Sfax,Retail,10,132.0,15.0,1122.0,202.0
3183,2025-08-08,Couscous Complet 1kg,Grains,Sousse,Wholesale,100,7.2,0.0,720.0,310.0
1562,2024-09-09,Bsissa Traditionnelle 500g,Grains,Sfax,Wholesale,6,9.5,0.0,57.0,27.0
1849,2024-11-08,Miel de Thym 250g,Honey,Tunis,Retail,2,32.0,0.0,64.0,24.0
1886,2024-11-15,Huile d'Olive Extra Vierge 1L,Olive Oil,Gabes,Online,3,28.5,5.0,81.22,24.22
1812,2024-11-01,Harissa 1kg (pro),Condiments,Tunis,Wholesale,20,24.0,0.0,480.0,230.0
2197,2025-01-09,Dattes Deglet Nour 5kg,Dates,Gabes,Wholesale,4,62.0,0.0,248.0,92.0
1638,2024-09-29,Huile d'Olive Extra Vierge 1L,Olive Oil,Gabes,Wholesale,36,28.5,15.0,872.1,188.1
1547,2024-09-05,Huile d'Olive Extra Vierge 1L,Olive Oil,Gabes,Retail,2,28.5,5.0,54.15,16.15
1038,2024-04-10,Miel de Thym 250g,Honey,Monastir,Retail,12,32.0,0.0,384.0,144.0
1869,2024-11-11,Miel de Thym 250g,Honey,Tunis,Retail,1,32.0,0.0,32.0,12.0
2628,2025-04-10,Miel de Thym 250g,Honey,Monastir,Wholesale,12,32.0,0.0,384.0,144.0
1980,2024-12-04,Harissa 1kg (pro),Condiments,Sousse,Wholesale,10,24.0,0.0,240.0,115.0
3176,2025-08-07,Couscous Fin 1kg,Grains,Tunis,Wholesale,16,5.8,0.0,92.8,38.4
2378,2025-02-21,Harissa Traditionnelle 200g,Condiments,Sfax,Retail,1,6.5,0.0,6.5,3.3
2752,2025-05-13,Harissa Traditionnelle 200g,Condiments,Monastir,RETAIL,20,6.5,0.0,130.0,66.0
2455,2025-03-08,Huile d'Olive Extra Vierge 5L,Olive Oil,Tunis,Online,2,132.0,0.0,264.0,80.0
1817,2024-11-02,Huile d'Olive Extra Vierge 5L,Olive Oil,Tunis,Retail,12,132.0,5.0,1504.8,400.8
3153,2025-08-03,Huile d'Olive Extra Vierge 1L,Olive Oil,Tunis,Wholesale,3,28.5,10.0,76.95,19.95
2726,2025-05-05,Couscous Complet 1kg,Grains,Sousse,RETAIL,1,7.2,0.0,7.2,3.1
2112,2024-12-25,Dattes Deglet Nour 1kg,Dates,Sfax,Wholesale,17,14.0,5.0,226.1,81.6
3197,2025-08-11,Couscous Fin 1kg,Grains,Sousse,Retail,4,5.8,10.0,20.88,7.28
1785,2024-10-28,Miel de Thym 250g,Honey,bizerte,Retail,1,32.0,0.0,32.0,12.0
2856,2025-06-02,Harissa Traditionnelle 200g,Condiments,Tunis,Retail,12,6.5,0.0,78.0,39.6
1567,2024-09-10,Harissa Traditionnelle 200g,Condiments,Sousse,Retail,4,6.5,0.0,26.0,13.2
2698,2025-04-28,Dattes Deglet Nour 1kg,Dates,Monastir,Retail,1,14.0,10.0,12.6,4.1
2546,2025-03-25,Couscous Fin 1kg,Grains,Sousse,Retail,3,5.8,0.0,17.4,7.2
2490,2025-03-16,Harissa Traditionnelle 200g,Condiments,Tunis,Retail,1,6.5,0.0,6.5,3.3
1343,2024-07-06,Couscous Fin 1kg,Grains,Monastir,Online,1,5.8,0.0,5.8,2.4
2313,2025-02-07,Dattes Deglet Nour 1kg,Dates,Sousse,Retail,12,14.0,,168.0,66.0
1893,2024-11-17,Miel de Thym 250g,Honey,Monastir,Retail,1,32.0,0.0,32.0,12.0
3044,2025-07-11,Couscous Complet 1kg,Grains,Sousse,Retail,6,7.2,10.0,38.88,14.28
2461,2025-03-10,Miel de Thym 250g,Honey,Bizerte,Wholesale,12,32.0,0.0,384.0,144.0
1259,2024-06-13,Bsissa Traditionnelle 500g,Grains,Sfax,Retail,6,9.5,0.0,57.0,27.0
2716,2025-05-02,Huile d'Olive Extra Vierge 1L,Olive Oil,Monastir,Retail,2,28.5,15.0,48.45,10.45
1166,2024-05-17,Harissa Traditionnelle 200g,Condiments,Sfax,Wholesale,9,6.5,5.0,55.57,26.77
1222,2024-06-05,Huile d'Olive Extra Vierge 1L,Olive Oil,Tunis,Wholesale,6,28.5,20.0,136.8,22.8
3023,2025-07-07,Couscous Complet 1kg,Grains,Sfax,retail,4,7.2,5.0,27.36,10.96
3272,2025-08-27,Harissa 1kg (pro),Condiments,Tunis,Retail,2,24.0,0.0,48.0,23.0
1557,2024-09-07,Miel de Thym 250g,Honey,Gabes,Wholesale,12,32.0,5.0,364.8,124.8
2387,2025-02-23,Huile d'Olive Extra Vierge 5L,Olive Oil,Monastir,Wholesale,15,132.0,5.0,1881.0,501.0
1771,2024-10-27,Harissa Traditionnelle 200g,Condiments,Monastir,Retail,1,6.5,0.0,6.5,3.3
2295,2025-02-01,Huile d'Olive Extra Vierge 1L,Olive Oil,Sfax,Wholesale,30,28.5,10.0,769.5,199.5
1667,2024-10-04,Couscous Fin 1kg,Grains,Tunis,Retail,2,5.8,0.0,11.6,4.8
3368,2025-09-15,Harissa Traditionnelle 200g,Condiments,Sfax,Online,4,6.5,0.0,26.0,13.2
1549,06/09/2024,Harissa 1kg (pro),Condiments,Sfax,Wholesale,10,24.0,0.0,240.0,115.0
1854,2024-11-09,Dattes Deglet Nour 1kg,Dates,Tunis,Retail,4,14.0,0.0,56.0,22.0
2519,2025-03-21,Couscous Complet 1kg,Grains,Sousse,Online,2,7.2,5.0,13.68,5.48
3106,2025-07-24,Couscous Complet 1kg,Grains,Sfax,Retail,3,7.2,0.0,21.6,9.3
1474,2024-08-12,Miel de Thym 250g,Honey,Sfax,Retail,6,32.0,5.0,182.4,62.4
2978,2025-06-29,Harissa 1kg (pro),Condiments,Tunis,Online,6,24.0,0.0,144.0,69.0
1713,2024-10-14,Miel de Thym 250g,Honey,Bizerte,Retail,1,32.0,0.0,32.0,12.0
1802,2024-10-31,Harissa Traditionnelle 200g,Condiments,Gabes,Wholesale,8,6.5,0.0,52.0,26.4
1597,2024-09-18,Huile d'Olive Extra Vierge 5L,Olive Oil,Bizerte,Online,2,132.0,15.0,224.4,40.4
1011,2024-04-03,Huile d'Olive Extra Vierge 1L,Olive Oil,Sousse,Wholesale,15,28.5,5.0,406.12,121.12
2803,2025-05-24,Huile d'Olive Extra Vierge 1L,Olive Oil,Sousse,Retail,4,28.5,15.0,96.9,20.9
2636,2025-04-11,Dattes Deglet Nour 1kg,Dates,Gabes,Online,6,14.0,0.0,84.0,33.0
1612,2024-09-21,Huile d'Olive Extra Vierge 1L,Olive Oil,Bizerte,Retail,1,28.5,5.0,27.07,8.07
2497,2025-03-17,Dattes Deglet Nour 5kg,Dates,Sousse,Wholesale,15,62.0,5.0,883.5,298.5
2737,2025-05-08,Dattes Deglet Nour 5kg,Dates,Monastir,Retail,4,62.0,0.0,248.0,92.0
1792,2024-10-29,Harissa Traditionnelle 200g,Condiments,Sfax,Wholesale,3,6.5,0.0,19.5,9.9
1519,2024-08-25,Huile d'Olive Extra Vierge 5L,Olive Oil,Bizerte,Online,2,132.0,0.0,264.0,80.0
2185,2025-01-07,Miel de Thym 250g,Honey,Sousse,Online,2,32.0,5.0,60.8,20.8
2144,2024-12-30,Miel de Thym 250g,Honey,Sousse,Online,-5,32.0,0.0,128.0,48.0
1243,2024-06-10,Huile d'Olive Extra Vierge 5L,Olive Oil,Tunis,Retail,12,132.0,5.0,1504.8,400.8
3192,2025-08-10,Harissa 1kg (pro),Condiments,Tunis,Online,6,24.0,5.0,136.8,61.8
2939,2025-06-20,Dattes Deglet Nour 1kg,Dates,Bizerte,Retail,1,14.0,5.0,13.3,4.8
1444,2024-08-04,Dattes Deglet Nour 5kg,Dates,Bizerte,Wholesale,50,62.0,10.0,2790.0,840.0
3450,2025-09-29,Couscous Complet 1kg,Grains,Gabes,Retail,2,7.2,5.0,13.68,5.48
2400,2025-02-26,Couscous Complet 1kg,Grains,Gabes,Retail,2,7.2,0.0,14.4,6.2
2449,2025-03-08,Huile d'Olive Extra Vierge 5L,Olive Oil,Sfax,Retail,10,132.0,5.0,1254.0,334.0
1061,2024-04-15,Huile d'Olive Extra Vierge 5L,Olive Oil,Tunis,Retail,1,132.0,10.0,118.8,26.8
2155,2025-01-01,Miel de Thym 250g,Honey,Sousse,Wholesale,4,32.0,0.0,128.0,48.0
2204,2025-01-11,Miel de Thym 250g,Honey,Sousse,Wholesale,15,32.0,5.0,456.0,156.0
1336,2024-07-05,Couscous Complet 1kg,Grains,Bizerte,Wholesale,3,7.2,0.0,21.6,9.3
3149,2025-08-02,Couscous Fin 1kg,Grains,Tunis,Wholesale,5,5.8,0.0,29.0,12.0
2008,2024-12-09,Couscous Complet 1kg,Grains,Monastir,Online,1,7.2,5.0,6.84,2.74
1598,2024-09-18,Dattes Deglet Nour 1kg,Dates,Gabes,Retail,2,14.0,0.0,28.0,11.0
3091,2025-07-22,Bsissa Traditionnelle 500g,Grains,Bizerte,wholesale,8,9.5,5.0,72.2,32.2
1251,2024-06-12,Harisa Traditionnelle 200g,Condiments,Sfax,Wholesale,9,6.5,0.0,58.5,29.7
1440,2024-08-04,Dattes Deglet Nour 5kg,Dates,Tunis,Retail,1,62.0,0.0,62.0,23.0
2423,2025-03-02,Couscous Fin 1kg,Grains,Bizerte,Online,6,5.8,0.0,34.8,14.4
1676,2024-10-06,Couscous Fin 1kg,Grains,Sfax,Online,3,5.8,0.0,17.4,7.2
2608,2025-04-07,Huile d'Olive Extra Vierge 5L,Olive Oil,Tunis,Retail,20,132.0,0.0,2640.0,800.0
3315,2025-09-07,Huile d'Olive Extra Vierge 1L,Olive Oil,Sousse,Online,20,28.5,0.0,570.0,190.0
2214,2025-01-13,Bsissa Traditionnelle 500g,Grains,Tunis,Retail,20,9.5,10.0,171.0,71.0
1014,2024-04-05,Huile d'Olive Extra Vierge 5L,Olive Oil,Gabes,Retail,1,132.0,10.0,118.8,26.8
2004,2024-12-07,Dattes Deglet Nour 1kg,Dates,Gabes,Retail,8,14.0,0.0,112.0,44.0
1623,2024-09-27,Bsissa Traditionnelle 500g,Grains,Tunis,Wholesale,30,9.5,10.0,256.5,106.5
3015,2025-07-06,Harissa 1kg (pro),Condiments,Bizerte,Retail,1,24.0,0.0,24.0,11.5
2164,2025-01-04,Harissa 1kg (pro),Condiments,Tunis,Wholesale,6,24.0,10.0,129.6,54.6
2182,2025-01-07,Huile d'Olive Extra Vierge 1L,Olive Oil,Tunis,Retail,1,28.5,20.0,22.8,3.8
2630,2025-04-10,Miel de Thym 250g,Honey,Tunis,Wholesale,60,32.0,5.0,1824.0,624.0
1831,04/11/2024,Couscous Complet 1kg,Grains,Gabes,Wholesale,4,7.2,5.0,27.36,10.96
2846,2025-05-31,Bsissa Traditionnelle 500g,Grains,sfax,RETAIL,2,9.5,0.0,19.0,9.0
2241,2025-01-18,Couscous Complet 1kg,Grains,Sfax,Retail,10,7.2,0.0,72.0,31.0
2381,2025-02-22,Couscous Fin 1kg,Grains,Tunis,Retail,2,5.8,0.0,11.6,4.8
2467,2025-03-11,Miel de Thym 250g,Honey,Monastir,Retail,4,32.0,0.0,128.0,48.0
1026,2024-04-08,Bsissa Traditionnelle 500g,Grains,Gabes,Retail,4,9.5,5.0,36.1,16.1
1157,2024-05-12,Couscous Complet 1kg,Grains,Sfax,Retail,6,7.2,5.0,41.04,16.44
2779,2025-05-19,Bsissa Traditionnelle 500g,Grains,Gabes,Retail,1,9.5,0.0,9.5,4.5
2642,2025-04-13,Huile d'Olive Extra Vierge 1L,Olive Oil,Sfax,Retail,4,28.5,0.0,114.0,38.0
2585,2025-04-04,Bsissa Traditionnelle 500g,Grains,Tunis,Retail,3,9.5,0.0,28.5,13.5
2075,2024-12-20,Harissa 1kg (pro),Condiments,Tunis,Online,2,24.0,0.0,48.0,23.0
2933,2025-06-19,Dattes Deglet Nour 1kg,Dates,Bizerte,Wholesale,30,14.0,0.0,420.0,165.0
3339,2025-09-11,Huile d'Olive Extra Vierge 1L,Olive Oil,Sfax,Retail,1,28.5,5.0,27.07,8.07
2527,23/03/2025,Huile d'Olive Extra Vierge 1L,Olive Oil,Gabes,Wholesale,18,28.5,0.0,513.0,171.0
3120,26/07/2025,Miel de Thym 250g,Honey,Bizerte,Wholesale,5,32.0,0.0,160.0,60.0
1137,2024-05-05,Miel de Thym 250g,Honey,Monastir,Wholesale,3,32.0,5.0,91.2,31.2
1212,2024-06-01,Miel de Thym 250g,Honey,Tunis,Online,2,32.0,0.0,64.0,24.0
1992,2024-12-05,Dattes Deglet Nour 1kg,Dates,Sousse,Retail,8,14.0,0.0,112.0,44.0
2113,2024-12-25,Harissa Traditionnelle 200g,Condiments,Monastir,Online,3,6.5,5.0,18.52,8.92
1926,2024-11-23,Harissa 1kg (pro),Condiments,Gabes,Retail,2,24.0,5.0,45.6,20.6
3243,2025-08-20,Couscous Fin 1kg,Grains,Sousse,Online,10,5.8,0.0,58.0,24.0
3435,2025-09-26,Couscous Fin 1kg,Grains,Tunis,Online,2,5.8,10.0,10.44,3.64
2273,2025-01-27,Bsissa Traditionnelle 500g,Grains,Sfax,Retail,1,9.5,0.0,9.5,4.5
2444,2025-03-07,Harissa 1kg (pro),Condiments,Tunis,Retail,12,24.0,5.0,273.6,123.6
1648,2024-10-01,Huile d'Olive Extra Vierge 1L,Olive Oil,Sousse,Retail,3,28.5,5.0,81.22,24.22
3267,2025-08-26,Dattes Deglet Nour 5kg,Dates,Gabes,Retail,1,62.0,0.0,62.0,23.0
2390,2025-02-24,Harissa 1kg (pro),Condiments,Bizerte,Wholesale,10,24.0,0.0,240.0,115.0
2127,2024-12-29,Bsissa Traditionnelle 500g,Grains,Sfax,Retail,3,9.5,0.0,28.5,13.5
1213,2024-06-01,Bsissa Traditionnelle 500g,Grains,Monastir,Retail,2,9.5,0.0,19.0,9.0
3045,2025-07-11,Couscous Complet 1kg,Grains,Tunis,Retail,4,7.2,0.0,28.8,12.4
1170,2024-05-20,Huile d'Olive Extra Vierge 1L,Olive Oil,Bizerte,Retail,2,28.5,15.0,48.45,10.45
1189,2024-05-26,Harissa Traditionnelle 200g,Condiments,Gabes,Online,2,6.5,0.0,13.0,6.6
1767,2024-10-26,Couscous Complet 1kg,Grains,Tunis,Wholesale,18,7.2,0.0,129.6,55.8
1090,2024-04-24,Couscous Fin 1kg,Grains,Tunis,Wholesale,100,5.8,5.0,551.0,211.0
1277,2024-06-18,Miel de Thym 250g,Honey,Tunis,Online,2,32.0,0.0,64.0,24.0
2812,2025-05-26,Harissa Traditionnelle 200g,Condiments,Bizerte,Online,6,6.5,0.0,39.0,19.8
2715,2025-05-01,Huile d'Olive Extra Vierge 1L,Olive Oil,Tunis,Retail,1,28.5,0.0,28.5,9.5
1905,2024-11-20,Harissa 1kg (pro),Condiments,Sousse,Wholesale,4,24.0,5.0,91.2,41.2
2065,2024-12-18,Harissa Traditionnelle 200g,Condiments,Tunis,Retail,3,6.5,0.0,19.5,9.9
1827,2024-11-03,Bsissa Traditionnelle 500g,Grains,Gabes,Retail,1,9.5,0.0,9.5,4.5
2092,2024-12-22,Couscous Complet 1kg,Grains,Gabes,Wholesale,16,7.2,0.0,115.2,49.6
2861,2025-06-03,Huile d'Olive Extra Vierge 1L,Olive Oil,Tunis,Retail,1,28.5,10.0,25.65,6.65
1223,2024-06-05,Harissa 1kg (pro),Condiments,Monastir,Wholesale,5,24.0,5.0,114.0,51.5
1268,2024-06-16,Miel de Thym 250g,Honey,Monastir,Retail,4,32.0,5.0,121.6,41.6
1238,2024-06-09,Harissa 1kg (pro),Condiments,Sfax,Retail,1,24.0,5.0,22.8,10.3
1467,2024-08-10,Couscous Fin 1kg,Grains,Tunis,Wholesale,6,5.8,0.0,34.8,14.4
3279,2025-08-29,Couscous Fin 1kg,Grains,Tunis,Retail,6,5.8,0.0,34.8,14.4
1407,2024-07-24,Harissa 1kg (pro),Condiments,Gabes,wholesale,18,24.0,5.0,410.4,185.4
2227,2025-01-15,Huile d'Olive Extra Vierge 5L,Olive Oil,Tunis,Wholesale,15,132.0,10.0,1782.0,402.0
3266,2025-08-26,Dattes Deglet Nour 1kg,Dates,Sfax,Retail,1,14.0,5.0,13.3,4.8
1593,2024-09-17,Couscous Complet 1kg,Grains,Sfax,Online,3,7.2,5.0,20.52,8.22
2886,2025-06-07,Harissa Traditionnelle 200g,Condiments,Monastir,Wholesale,20,6.5,10.0,117.0,53.0
2545,2025-03-25,Couscous Fin 1kg,Grains,Bizerte,Retail,10,5.8,10.0,52.2,18.2
1844,2024-11-07,Dattes Deglet Nour 1kg,Dates,Sousse,Retail,8,14.0,0.0,112.0,44.0
2310,2025-02-06,Dattes Deglet Nour 5kg,Dates,Sfax,Wholesale,36,62.0,0.0,2232.0,828.0
3148,2025-08-02,Couscous Complet 1kg,Grains,Sfax,Retail,2,7.2,0.0,14.4,6.2
3143,2025-08-01,Dattes Deglet Nour 5kg,Dates,Monastir,Wholesale,18,62.0,5.0,1060.2,358.2
1984,2024-12-04,Dattes Deglet Nour 1kg,Dates,Sousse,Wholesale,11,14.0,0.0,154.0,60.5
3118,2025-07-26,Huile d'Olive Extra Vierge 5L,Olive Oil,Tunis,Retail,1,132.0,10.0,118.8,26.8
3419,2025-09-23,Miel de Thym 250g,Honey,Bizerte,Wholesale,20,32.0,0.0,640.0,240.0
1664,2024-10-04,Miel de Thym 250g,Honey,Tunis,Wholesale,5,32.0,0.0,160.0,60.0
2548,2025-03-25,Harissa Traditionnelle 200g,Condiments,Sfax,Wholesale,10,6.5,0.0,65.0,33.0
1898,2024-11-18,Huile d'Olive Extra Vierge 1L,Olive Oil,Tunis,Wholesale,60,28.5,5.0,1624.5,484.5
3158,2025-08-04,Couscous Fin 1kg,Grains,Sfax,Retail,4,5.8,0.0,23.2,9.6
1329,2024-07-03,Couscous Fin 1kg,Grains,Tunis,Wholesale,50,5.8,0.0,290.0,120.0
1810,2024-11-01,Harissa Traditionnelle 200g,Condiments,Gabes,Wholesale,48,6.5,0.0,312.0,158.4
3219,2025-08-16,Harissa 1kg (pro),Condiments,Monastir,Wholesale,100,24.0,0.0,2400.0,1150.0
1483,2024-08-15,Couscous Fin 1kg,Grains,Sousse,Retail,1,5.8,0.0,5.8,2.4
3374,2025-09-16,Bsissa Traditionnelle 500g,Grains,Sfax,Online,1,9.5,10.0,8.55,3.55
1913,2024-11-21,Huile d'Olive Extra Vierge 5L,Olive Oil,Tunis,Retail,2,132.0,5.0,250.8,66.8
3136,2025-07-30,Miel de Thym 250g,Honey,Tunis,Wholesale,8,32.0,0.0,256.0,96.0
1017,2024-04-05,Dattes Deglet Nour 5kg,Dates,Monastir,Wholesale,5,62.0,10.0,279.0,84.0
2404,2025-02-26,Miel de Thym 250g,Honey,Sfax,Retail,4,32.0,0.0,128.0,48.0
1619,2024-09-26,Miel de Thym 250g,Honey,Tunis,Retail,1,32.0,0.0,32.0,12.0
1535,2024-09-01,Harissa Traditionnelle 200g,Condiments,Tunis,Wholesale,12,6.5,0.0,78.0,39.6
2201,2025-01-10,Harissa Traditionnelle 200g,Condiments,Gabes,Retail,2,6.5,0.0,13.0,6.6
2704,2025-04-29,Couscous Complet 1kg,Grains,Sfax,Wholesale,5,7.2,0.0,36.0,15.5
2582,2025-04-03,Harissa Traditionnelle 200g,Condiments,Sousse,Retail,1,6.5,0.0,6.5,3.3
2492,2025-03-16,Huile d'Olive Extra Vierge 1L,Olive Oil,Monastir,Online,6,28.5,20.0,136.8,22.8
1095,2024-04-24,Dattes Deglet Nour 1kg,Dates,Bizerte,Wholesale,9,14.0,0.0,126.0,49.5
2513,2025-03-19,Dattes Deglet Nour 5kg,Dates,Sousse,Retail,1,62.0,10.0,55.8,16.8
1997,2024-12-06,Bsissa Traditionnelle 500g,Grains,Sousse,Retail,1,9.5,10.0,8.55,3.55
3164,2025-08-05,Couscous Fin 1kg,Grains,Bizerte,Retail,10,5.8,0.0,58.0,24.0
2764,2025-05-16,Harissa 1kg (pro),Condiments,Tunis,Wholesale,8,24.0,0.0,192.0,92.0
2693,2025-04-27,Dattes Deglet Nour 5kg,Dates,Tunis,Retail,2,62.0,0.0,124.0,46.0
1918,2024-11-21,Huile d'Olive Extra Vierge 1L,Olive Oil,Bizerte,Wholesale,12,28.5,20.0,273.6,45.6
1078,2024-04-21,Harissa 1kg (pro),Condiments,Sousse,Online,1,24.0,0.0,24.0,11.5
1680,2024-10-07,Harissa Traditionnelle 200g,Condiments,bizerte,Online,2,6.5,10.0,11.7,5.3
2637,2025-04-12,Harissa 1kg (pro),Condiments,Bizerte,Retail,4,24.0,10.0,86.4,36.4
2691,2025-04-27,Huile d'Olive Extra Vierge 5L,Olive Oil,Sousse,Online,10,132.0,15.0,1122.0,202.0
2315,2025-02-08,Couscous Complet 1kg,Grains,Tunis,Online,4,7.2,0.0,28.8,12.4
2486,2025-03-15,Miel de Thym 250g,Honey,Gabes,Wholesale,12,32.0,0.0,384.0,144.0
1376,2024-07-16,Harissa Traditionnelle 200g,Condiments,Tunis,Retail,1,6.5,0.0,6.5,3.3
2234,2025-01-17,Dattes Deglet Nour 5kg,Dates,Bizerte,Retail,3,62.0,10.0,167.4,50.4
2534,2025-03-23,Harissa 1kg (pro),Condiments,Monastir,Retail,10,24.0,5.0,228.0,103.0
1308,2024-06-27,Dattes Deglet Nour 1kg,Dates,Gabes,Retail,3,14.0,0.0,42.0,16.5
1076,2024-04-20,Dattes Deglet Nour 1kg,Dates,Gabes,Retail,1,14.0,0.0,14.0,5.5
3398,2025-09-19,Miel de Thym 250g,Honey,Tunis,Retail,6,32.0,0.0,192.0,72.0
3456,2025-09-30,Harissa Traditionnelle 200g,Condiments,Gabes,Retail,4,6.5,0.0,26.0,13.2
3253,2025-08-23,Harissa Traditionnelle 200g,Condiments,Tunis,Online,2,6.5,0.0,13.0,6.6
1686,2024-10-08,Huile d'Olive Extra Vierge 5L,Olive Oil,Tunis,Retail,6,132.0,15.0,673.2,121.2
1877,2024-11-13,Couscous Fin 1kg,Grains,Sfax,RETAIL,1,5.8,0.0,5.8,2.4
2604,2025-04-06,Miel de Thym 250g,Honey,Sousse,Wholesale,3,32.0,0.0,96.0,36.0
2505,2025-03-18,Couscous Complet 1kg,Grains,Sousse,Wholesale,3,7.2,5.0,20.52,8.22
3096,22/07/2025,Huile d'Olive Extra Vierge 5L,Olive Oil,Sfax,Online,1,132.0,15.0,112.2,20.2
2888,2025-06-08,Dattes Deglet Nour 1kg,Dates,Bizerte,Online,10,14.0,10.0,126.0,41.0
2389,2025-02-23,Couscous Complet 1kg,Grains,Sfax,Retail,2,7.2,0.0,14.4,6.2
1368,2024-07-14,Harissa 1kg (pro),Condiments,Tunis,Wholesale,3,24.0,0.0,72.0,34.5
1696,2024-10-10,Huile d'Olive Extra Vierge 1L,Olive Oil,Sfax,Retail,1,28.5,10.0,25.65,6.65
3285,2025-08-30,Huile d'Olive Extra Vierge 5L,Olive Oil,Tunis,Online,1,132.0,,112.2,20.2
1872,2024-11-12,Couscous Complet 1kg,Grains,Tunis,Retail,1,7.2,0.0,7.2,3.1
2422,2025-03-02,Couscous Complet 1kg,Grains,Monastir,Wholesale,15,7.2,0.0,108.0,46.5
1406,2024-07-23,Miel de Thym 250g,Honey,Tunis,Online,1,32.0,0.0,32.0,12.0
2002,2024-12-07,Harissa 1kg (pro),Condiments,Sousse,Online,4,24.0,0.0,96.0,46.0
2951,2025-06-23,Couscous Fin 1kg,Grains,Sfax,Retail,3,5.8,0.0,17.4,7.2
1357,11/07/2024,Dattes Deglet Nour 5kg,Dates,Tunis,Retail,6,62.0,10.0,334.8,100.8
2665,2025-04-20,Dattes Deglet Nour 5kg,Dates,Monastir,Retail,2,62.0,0.0,124.0,46.0
2666,2025-04-21,Harissa 1kg (pro),Condiments,Sfax,Online,20,24.0,0.0,480.0,230.0
3453,2025-09-29,Huile d'Olive Extra Vierge 1L,Olive Oil,Gabes,Retail,3,28.5,15.0,72.67,15.67
3306,2025-09-04,Huile d'Olive Extra Vierge 1L,Olive Oil,Sfax,Wholesale,16,28.5,0.0,456.0,152.0
2249,2025-01-21,Harissa 1kg (pro),Condiments,Sfax,Retail,12,24.0,0.0,288.0,138.0
2736,2025-05-08,Bsissa Traditionnelle 500g,Grains,Tunis,Online,6,9.5,10.0,51.3,21.3
2045,2024-12-16,Couscous Fin 1kg,Grains,Bizerte,Retail,1,5.8,0.0,5.8,2.4
2744,2025-05-10,Bsissa Traditionnelle 500g,Grains,Tunis,Wholesale,16,9.5,0.0,152.0,72.0
2761,2025-05-15,Couscous Fin 1kg,Grains,Sfax,Retail,2,5.8,10.0,10.44,3.64
3361,2025-09-14,Harissa Traditionnelle 200g,Condiments,Sousse,Wholesale,80,6.5,0.0,520.0,264.0
1292,2024-06-22,Bsissa Traditionnelle 500g,Grains,Gabes,Retail,1,9.5,0.0,9.5,4.5
1253,2024-06-12,Huile d'Olive Extra Vierge 5L,Olive Oil,Gabes,Online,1,132.0,0.0,132.0,40.0
1914,2024-11-21,Miel de Thym 250g,Honey, Bizerte ,Retail,12,32.0,0.0,384.0,144.0
1649,2024-10-01,Huile d'Olive Extra Vierge 5L,Olive Oil,Tunis,Retail,1,132.0,20.0,105.6,13.6
2616,2025-04-08,Huile d'Olive Extra Vierge 5L,Olive Oil,Monastir,Retail,3,132.0,10.0,356.4,80.4
2248,2025-01-20,Miel de Thym 250g,Honey,Bizerte,Wholesale,18,32.0,0.0,576.0,216.0
2765,2025-05-16,Miel de Thym 250g,Honey,Tunis,Retail,4,32.0,0.0,128.0,48.0
1572,2024-09-12,Couscous Fin 1kg,Grains,Sousse,Wholesale,3,5.8,5.0,16.53,6.33
2768,2025-05-17,Harissa 1kg (pro),Condiments,Tunis,Online,12,24.0,0.0,288.0,138.0
1833,2024-11-04,Huile d'Olive Extra Vierge 1L,Olive Oil,Sousse,Wholesale,16,28.5,0.0,456.0,152.0
2999,2025-07-03,Dattes Deglet Nour 5kg,Dates,Sfax,Retail,12,62.0,0.0,744.0,276.0
1933,2024-11-24,Huile d'Olive Extra Vierge 5L,Olive Oil,Bizerte,Retail,10,132.0,10.0,1188.0,268.0
1687,2024-10-08,Huile d'Olive Extra Vierge 1L,Olive Oil,Tunis,Retail,2,28.5,10.0,51.3,13.3
1642,2024-09-30,Couscous Fin 1kg,Grains,Sousse,Retail,2,5.8,0.0,11.6,4.8
2654,2025-04-17,Huile d'Olive Extra Vierge 1L,Olive Oil,Bizerte,Retail,4,28.5,5.0,108.3,32.3
1964,2024-12-01,Dattes Deglet Nour 5kg,Dates,Gabes,Retail,2,62.0,5.0,117.8,39.8
3277,2025-08-29,Huile d'Olive Extra Vierge 1L,Olive Oil,Tunis,Retail,2,28.5,5.0,54.15,16.15
1916,2024-11-21,Miel de Thym 250g,Honey,Sfax,Wholesale,8,32.0,0.0,256.0,96.0
1947,2024-11-28,Miel de Thym 250g,Honey,Sousse,Retail,2,32.0,5.0,60.8,20.8
1921,2024-11-22,Huile d'Olive Extra Vierge 1L,Olive Oil, Tunis ,Retail,4,28.5,0.0,114.0,38.0
1427,2024-07-30,Harissa 1kg (pro),Condiments,Sousse,Retail,20,24.0,0.0,480.0,230.0
3167,2025-08-05,Harissa 1kg (pro),Condiments,Tunis,Retail,2,24.0,5.0,45.6,20.6
1755,2024-10-23,Bsissa Traditionnelle 500g,Grains,Monastir,Retail,1,9.5,0.0,9.5,4.5
2899,2025-06-12,Couscous Fin 1kg,Grains,Gabes,Retail,4,5.8,0.0,23.2,9.6
3049,2025-07-12,Harissa 1kg (pro),Condiments,Monastir,Retail,3,24.0,5.0,68.4,30.9
2873,2025-06-04,Huile d'Olive Extra Vierge 1L,Olive Oil,Tunis,Wholesale,30,28.5,15.0,726.75,156.75
2194,2025-01-09,Huile d'Ol ive Extra Vierge 1L,Olive Oil,Sfax,Online,1,28.5,10.0,25.65,6.65
2408,2025-02-27,Harissa 1kg (pro),Condiments,Monastir,Online,2,24.0,0.0,48.0,23.0
2439,2025-03-06,Miel de Thym 250g,Honey,Gabes,Retail,3,32.0,0.0,96.0,36.0
1770,2024-10-26,Dattes Deglet Nour 5kg,Dates,Sfax,Retail,8,62.0,5.0,471.2,159.2
3147,2025-08-01,Couscous Complet 1kg,Grains,Sousse,Retail,3,7.2,0.0,21.6,9.3
2334,2025-02-12,Couscous Complet 1kg,Grains,Sfax,Wholesale,4,7.2,0.0,28.8,12.4
2661,2025-04-19,Dattes Deglet Nour 1kg,Dates,Gabes,Wholesale,3,14.0,,42.0,16.5
3402,2025-09-20,Huile d'Olive Extra Vierge 5L,Olive Oil,Sfax,Wholesale,9,132.0,20.0,950.4,122.4
2055,2024-12-17,Harissa Traditionnelle 200g,Condiments,Bizerte,Retail,1,6.5,10.0,5.85,2.65
3412,2025-09-22,Couscous Complet 1kg,Grains,Sfax,Online,3,7.2,0.0,21.6,9.3
1489,2024-08-17,Harissa 1kg (pro),Condiments,Sfax,Retail,1,24.0,5.0,22.8,10.3
1542,2024-09-03,Harissa Traditionnelle 200g,Condiments,Sousse,Retail,1,6.5,0.0,6.5,3.3
2167,2025-01-04,Couscous Fin 1kg,Grains,Tunis,Retail,12,5.8,0.0,69.6,28.8
1220,2024-06-04,Miel de Thym  250g,Honey,Tunis,Wholesale,9,32.0,5.0,273.6,93.6
1002,2024-04-01,Harissa 1kg (pro),Condiments,Monastir,Wholesale,24,24.0,0.0,576.0,276.0
1695,2024-10-09,Huile d'Olive Extra Vierge 5L,Olive Oil,Sfax,Wholesale,5,132.0,5.0,627.0,167.0
3060,2025-07-14,Couscous Fin 1kg,Grains,Sousse,Retail,2,5.8,5.0,11.02,4.22
2391,2025-02-24,Bsissa Traditionnelle 500g,Grains,Bizerte,Retail,12,9.5,0.0,114.0,54.0
3421,2025-09-23,Couscous Fin 1kg,Grains,Tunis,Retail,6,5.8,0.0,34.8,14.4
1760,2024-10-25,Huile d'Olive Extra Vierge 1L,Olive Oil,Gabes,Wholesale,4,28.5,10.0,102.6,26.6
2997,2025-07-03,Huile d'Olive Extra Vierge 5L,Olive Oil,Tunis,Retail,2,132.0,10.0,237.6,53.6
2800,2025-05-24,Miel de Thym 250g,Honey,Sousse,Retail,4,32.0,0.0,128.0,48.0
2787,2025-05-22,Bsissa Traditionnelle 500g,Grains,Monastir,Retail,12,9.5,0.0,114.0,54.0
1543,2024-09-03,Harissa Traditionnelle 200g,Condiments,Tunis,Retail,2,6.5,5.0,12.35,5.95
1803,2024-10-31,Huile d'Olive Extra Vierge 1L,Olive Oil,Tunis,Retail,2,28.5,0.0,57.0,19.0
3319,2025-09-07,Couscous Complet 1kg,Grains,Tunis,Retail,4,7.2,0.0,28.8,12.4
2758,2025-05-14,Huile d'Olive Extra Vierge 1L,Olive Oil,Sousse,Retail,3,28.5,0.0,85.5,28.5
1463,2024-08-10,Couscous Complet 1kg,Grains,Sfax,Retail,12,7.2,,86.4,37.2
2398,2025-02-25,Couscous Fin 1kg,Grains,Gabes,Retail,6,5.8,0.0,34.8,14.4
2385,2025-02-23,Harissa 1kg (pro),Condiments,Monastir,Retail,2,24.0,0.0,48.0,23.0
2349,2025-02-16,Huile d'Olive Extra Vierge 1L,Olive Oil,Gabes,Online,10,28.5,20.0,228.0,38.0
1517,2024-08-25,Dattes Deglet Nour 1kg,Dates,Sousse,Wholesale,18,14.0,0.0,252.0,99.0
2860,2025-06-03,Huile d'Olive Extra Vierge 5L,Olive Oil,Sfax,Retail,3,132.0,10.0,356.4,80.4
1417,2024-07-27,Huile d'Olive Extra Vierge 5L,Olive Oil,Gabes,Wholesale,5,132.0,20.0,528.0,68.0
1569,2024-09-11,Dattes Deglet Nour 1kg,Dates,Monastir,Retail,1,14.0,0.0,14.0,5.5
1584,2024-09-15,Huile d'Olive Extra Vierge 5L,Olive Oil,Gabes,Wholesale,5,132.0,5.0,627.0,167.0
2103,2024-12-24,Huile d'Olive Extra Vierge 5L,Olive Oil,Monastir,Retail,1,132.0,10.0,118.8,26.8
2944,2025-06-21,Couscous Complet 1kg,Grains,Tunis,Retail,2,7.2,0.0,14.4,6.2
2827,2025-05-28,Harissa Traditionnelle 200g,Condiments,Monastir,Online,4,6.5,0.0,26.0,13.2
2091,2024-12-22,Dattes Deglet Nour 1kg,Dates,Sfax,RETAIL,8,14.0,5.0,106.4,38.4
1168,2024-05-19,Dattes Deglet Nour 5kg,Dates,Tunis,Retail,3,62.0,0.0,186.0,69.0
2615,2025-04-07,Harissa 1kg (pro),Condiments,Tunis,Wholesale,15,24.0,10.0,324.0,136.5
3184,2025-08-08,Huile d'Olive Extra Vierge 5L,Olive Oil,Monastir,Wholesale,-5,132.0,15.0,336.6,60.6
1293,2024-06-22,Dattes Deglet Nour 5kg,Dates,Gabes,Wholesale,20,62.0,0.0,1240.0,460.0
2808,2025-05-25,Dattes Deglet Nour 1kg,Dates,Tunis,Retail,6,14.0,0.0,84.0,33.0
2593,2025-04-05,Harissa Traditionnelle 200g,Condiments,Gabes,Wholesale,10,6.5,0.0,65.0,33.0
3206,2025-08-14,Miel de Thym 250g,Honey,Gabes,Online,1,32.0,0.0,32.0,12.0
2626,2025-04-09,Dattes Deglet Nour 1kg,Dates,Sfax,Retail,1,14.0,0.0,14.0,5.5
1082,2024-04-22,Dattes Deglet Nour 1kg,Dates,Sfax,Retail,3,14.0,0.0,42.0,16.5
2352,2025-02-16,Miel de Thym 250g,Honey,Gabes,Online,3,32.0,10.0,86.4,26.4
1566,2024-09-10,Huile d'Olive Extra Vierge 1L,Olive Oil,Sfax,Online,2,28.5,15.0,48.45,10.45
3111,2025-07-25,Dattes Deglet Nour 1 Kg,Dates,Sfax,Retail,10,14.0,0.0,140.0,55.0
3370,2025-09-16,Harissa 1kg (pro),Condiments,Bizerte,Online,2,24.0,,45.6,20.6
1283,2024-06-19,Couscous Fin 1kg,Grains,Sousse,Retail,6,5.8,10.0,31.32,10.92
2128,2024-12-29,Bsissa Traditionnelle 500g,Grains,Gabes,Retail,2,9.5,5.0,18.05,8.05
3133,2025-07-30,Couscous Fin 1kg,Grains,Tunis,Retail,2,5.8,5.0,11.02,4.22
2644,2025-04-14,Couscous Fin 1kg,Grains,Monastir,Retail,2,5.8,0.0,11.6,4.8
2611,2025-04-07,Couscous Complet 1kg,Grains,Sousse,Retail,1,7.2,5.0,6.84,2.74
3138,2025-07-31,Harissa Traditionnelle 200g,Condiments,Sousse,Online,3,6.5,,18.52,8.92
1819,2024-11-02,Couscous Fin 1kg,Grains,Tunis,Wholesale,20,5.8,0.0,116.0,48.0
1948,2024-11-28,Couscous Fin 1kg,Grains,Sousse,Retail,2,5.8,0.0,11.6,4.8
2022,2024-12-11,Huile d'Olive Extra Vierge 5L,Olive Oil,Bizerte,Retail,1,132.0,0.0,132.0,40.0
3217,2025-08-16,Dattes Deglet Nour 1kg,Dates,Tunis,Retail,2,14.0,0.0,28.0,11.0
1426,2024-07-30,Bsissa Traditionnelle 500g,Grains,Sousse,Retail,2,9.5,0.0,19.0,9.0
2707,2025-04-29,Harissa 1kg (pro),Condiments,Gabes,Wholesale,3,24.0,5.0,68.4,30.9
2530,2025-03-23,Bsissa Traditionnelle 500g,Grains,Sfax,Retail,1,9.5,0.0,9.5,4.5
3389,2025-09-18,Huile d'Olive Extra Vierge 1L,Olive Oil,Monastir,Retail,1,28.5,5.0,27.07,8.07
1880,2024-11-13,Dattes Deglet Nour 1kg,Dates,,Retail,2,14.0,0.0,28.0,11.0
1401,2024-07-22,Dattes Deglet Nour 5kg,Dates,Tunis,Wholesale,30,62.0,0.0,1860.0,690.0
2300,2025-02-03,Dattes Deglet Nour 1kg,Dates,Gabes,Retail,10,14.0,0.0,140.0,55.0
2016,2024-12-10,Couscous Complet 1kg,Grains,Monastir,Online,1,7.2,5.0,6.84,2.74
1746,2024-10-22,Huile d'Olive Extra Vierge 1L,Olive Oil,Sfax,Retail,2,28.5,10.0,51.3,13.3
2588,2025-04-04,Couscous Complet 1kg,Grains,Sousse,Retail,20,7.2,0.0,144.0,62.0
2351,2025-02-16,Miel de Thym 250g,Honey,Monastir,Wholesale,5,32.0,10.0,144.0,44.0
3278,2025-08-29,Huile d'Olive Extra Vierge 5L,Olive Oil,Tunis,Retail,1,132.0,10.0,118.8,26.8
1141,2024-05-06,Couscous Complet 1kg,Grains,Gabes,Online,2,7.2,0.0,14.4,6.2
1938,2024-11-26,Couscous Fin 1kg,Grains,Tunis,Online,2,5.8,0.0,11.6,4.8
2629,2025-04-10,Dattes Deglet Nour 1kg,Dates,Sfax,Retail,1,14.0,0.0,14.0,5.5
2679,2025-04-24,Couscous Complet 1kg,Grains,Sfax,Retail,3,7.2,0.0,21.6,9.3
1241,2024-06-09,Dattes Deglet Nour 1kg,Dates,Monastir,Retail,1,14.0,0.0,14.0,5.5
2071,19/12/2024,Dattes Deglet Nour 1kg,Dates,Gabes,Retail,4,14.0,0.0,56.0,22.0
3022,2025-07-07,Harissa Traditionnelle 200g,Condiments,Gabes,Wholesale,20,6.5,0.0,130.0,66.0
2465,2025-03-11,Harissa Traditionnelle 200g,Condiments,Sfax,Retail,1,6.5,0.0,6.5,3.3
3440,2025-09-27,Huile d'Olive Extra Vierge 1L,Olive Oil,Sfax,Retail,3,28.5,5.0,81.22,24.22
1456,2024-08-07,Harissa 1kg (pro),Condiments,Tunis,Wholesale,15,24.0,5.0,342.0,154.5
2412,2025-02-28,Dattes Deglet Nour 5kg,Dates,Sfax,Wholesale,3,62.0,0.0,186.0,69.0
3135,2025-07-30,Miel de Thym 250g,Honey,Monastir,Retail,4,32.0,10.0,115.2,35.2
2855,2025-06-02,Miel de Thym 250g,Honey,Monastir,Online,20,32.0,5.0,608.0,208.0
3228,2025-08-17,Couscous Fin 1kg,Grains,Sfax,Retail,1,5.8,0.0,5.8,2.4
3037,2025-07-09,Bsissa Traditionnelle 500g,Grains,Sousse,Retail,1,9.5,10.0,8.55,3.55
2731,2025-05-07,Dattes Deglet Nour 5kg,Dates,Tunis,Wholesale,18,62.0,0.0,1116.0,414.0
1024,2024-04-07,Couscous Fin 1kg,Grains,Monastir,Wholesale,8,5.8,0.0,46.4,19.2
3021,2025-07-06,Dattes Deglet Nour 5kg,Dates,Tunis,Retail,4,62.0,0.0,248.0,92.0
2969,2025-06-27,Miel de Thym 250g,Honey,Tunis,Retail,3,32.0,0.0,96.0,36.0
2579,2025-04-02,Dattes Deglet Nour 1kg,Dates,Sfax,Wholesale,3,14.0,0.0,42.0,16.5
2171,2025-01-05,Huile d'Olive Extra Vierge 5L,Olive Oil,Sfax,Wholesale,10,132.0,0.0,1320.0,400.0
2924,2025-06-18,Bsissa Traditionnelle 500g,Grains,Gabes,Retail,2,9.5,10.0,17.1,7.1
1521,2024-08-26,Couscous Complet 1kg,Grains,Sousse,Wholesale,10,7.2,0.0,72.0,31.0
3274,2025-08-28,Miel de Thym 250g,Honey,Bizerte,Online,1,32.0,0.0,32.0,12.0
1488,2024-08-17,Dattes Deglet Nour 5kg,Dates,Gabes,Retail,3,62.0,0.0,186.0,69.0
2062,2024-12-18,Huile d'Olive Extra Vierge 5L,Olive Oil,Sousse,Online,2,132.0,15.0,224.4,40.4
1393,2024-07-20,Huile d'Olive Extra Vierge 5L,Olive Oil,Gabes,Retail,4,132.0,0.0,528.0,160.0
2030,2024-12-13,Couscous Fin 1kg,Grains,Sousse,Wholesale,4,5.8,0.0,23.2,9.6
1969,2024-12-02,Bsissa Traditionnelle 500g,Grains,Tunis,Retail,20,9.5,10.0,171.0,71.0
2738,2025-05-08,Huile d'Olive Extra Vierge 1L,Olive Oil,Sfax,Retail,12,28.5,15.0,290.7,62.7
2320,2025-02-09,Bsissa Traditionnelle 500g,Grains,Sfax,Retail,4,9.5,5.0,36.1,16.1
3244,2025-08-21,Dattes Deglet Nour 5kg,Dates,Sousse,Retail,2,62.0,0.0,124.0,46.0
1345,2024-07-07,Miel de Thym 250g,Honey,Sfax,Online,2,32.0,0.0,64.0,24.0
2658,2025-04-18,Huile d'Olive Extra Vierge 1L,Olive Oil,Tunis,Retail,1,28.5,20.0,22.8,3.8
1486,2024-08-16,Couscous Complet 1kg,Grains,Monastir,Retail,3,7.2,0.0,21.6,9.3
3181,2025-08-08,Dattes Deglet Nour 1kg,Dates,Monastir,Wholesale,8,14.0,0.0,112.0,44.0
2778,2025-05-19,Couscous Fin 1kg,Grains,Monastir,Online,2,5.8,0.0,11.6,4.8
3331,2025-09-10,Huile d'Olive Extra Vierge 1L,Olive Oil,Sousse,Retail,3,28.5,5.0,81.22,24.22
1656,2024-10-02,Couscous Fin 1kg,Grains,Sousse,Retail,10,5.8,0.0,58.0,24.0
3369,2025-09-16,Harissa 1kg (pro),Condiments,Gabes,Retail,10,24.0,0.0,240.0,115.0
1097,2024-04-25,Couscous Fin 1kg,Grains,Sousse,Online,3,5.8,5.0,16.53,6.33
1725,2024-10-16,Couscous Complet 1kg,Grains,Sousse,Online,6,7.2,5.0,41.04,16.44
3215,2025-08-15,Couscous Fin 1kg,Grains,Gabes,Online,3,5.8,0.0,17.4,7.2
2903,2025-06-13,Couscous Complet 1kg,Grains,Tunis,Retail,2,7.2,5.0,13.68,5.48
1939,2024-11-26,Dattes Deglet Nour 1kg,Dates,Monastir,Retail,8,14.0,0.0,112.0,44.0
1706,2024-10-12,Dattes Deglet Nour 1kg,Dates,Gabes,Retail,2,14.0,0.0,28.0,11.0
3009,2025-07-05,Bsissa Traditionnelle 500g,Grains,Sousse,Retail,12,9.5,5.0,108.3,48.3
1927,2024-11-23,Dattes Deglet Nour 5kg,Dates,Tunis,Online,4,62.0,0.0,248.0,92.0
1837,2024-11-05,Huile d'Olive Extra Vierge 1L,Olive Oil,Sfax,Retail,3,28.5,10.0,76.95,19.95
2571,2025-04-01,Huile d'Olive Extra Vierge 1L,Olive Oil,Bizerte,Retail,2,28.5,20.0,45.6,7.6
1423,2024-07-29,Dattes Deglet Nour 1kg,Dates,Sfax,Wholesale,48,14.0,10.0,604.8,196.8
3264,2025-08-25,Miel de Thym 250g,Honey,Gabes,Retail,1,32.0,0.0,32.0,12.0
2607,2025-04-07,Couscous Complet 1kg,Grains,Monastir,Online,3,7.2,0.0,21.6,9.3
3093,2025-07-22,Harissa Traditionnelle 200g,Condiments,Tunis,Wholesale,4,6.5,0.0,26.0,13.2
2717,2025-05-03,Dattes Deglet Nour 5kg,Dates,Gabes,Retail,1,62.0,0.0,62.0,23.0
3242,2025-08-20,Dattes Deglet Nour 1kg,Dates, Tunis ,Online,1,14.0,0.0,14.0,5.5
1396,2024-07-21,Miel de Thym 250g,Honey,Sfax,Online,4,32.0,,128.0,48.0
2340,2025-02-14,Couscous Fin 1kg,Grains,Bizerte,Wholesale,40,5.8,0.0,232.0,96.0
1852,2024-11-09,Huile d'Olive Extra Vierge 5L,Olive Oil,Tunis,Retail,2,132.0,0.0,264.0,80.0
3303,2025-09-03,Huile d'Olive Extra Vierge 5L,Olive Oil,Bizerte,Online,2,132.0,5.0,250.8,66.8
1094,2024-04-24,Huile d'Olive Extra Vierge 5L,Olive Oil,Sfax,Wholesale,6,132.0,0.0,792.0,240.0
2640,2025-04-12,Huile d'Olive Extra Vierge 5L,Olive Oil,Gabes,Retail,2,132.0,10.0,237.6,53.6
3081,2025-07-19,Harissa Traditionnelle 200g,Condiments,Tunis,Online,4,6.5,0.0,26.0,13.2
2259,2025-01-23,Huile d'Olive Extra Vierge 1L,Olive Oil,Monastir,Online,6,28.5,10.0,153.9,39.9
3162,2025-08-04,Huile d'Olive Extra Vierge 1L,Olive Oil,Bizerte,Wholesale,10,28.5,20.0,228.0,38.0
3094,2025-07-22,Dattes Deglet Nour 1kg,Dates,Tunis,Wholesale,12,14.0,0.0,168.0,66.0
1377,2024-07-16,Dattes Deglet Nour 5kg,Dates,Sousse,Retail,2,62.0,0.0,124.0,46.0
1072,2024-04-18,Miel de Thym 250g,Honey,Tunis,Wholesale,5,32.0,5.0,152.0,52.0
2067,2024-12-19,Huile d'Olive Extra Vierge 1L,Olive Oil,Sousse,Wholesale,8,28.5,10.0,205.2,53.2
2338,2025-02-13,Huile d'Olive Extra Vierge 5L,Olive Oil,Bizerte,Wholesale,10,132.0,0.0,1320.0,400.0
1313,2024-06-28,Couscous Fin 1kg,Grains,Sfax,Retail,20,5.8,10.0,104.4,36.4
1972,2024-12-02,Harissa Traditionnelle 200g,Condiments,Tunis,Retail,12,6.5,5.0,74.1,35.7
1863,2024-11-10,Huile d'Olive Extra Vierge 1L,Olive Oil,Sousse,Retail,2,28.5,10.0,51.3,13.3
2930,2025-06-19,Dattes Deglet Nour 5kg,Dates,Tunis,Retail,3,62.0,0.0,186.0,69.0
3056,2025-07-13,Huile d'Olive Extra Vierge 1L,Olive Oil,Sfax,Retail,2,28.5,5.0,54.15,16.15
3364,2025-09-14,Harissa Traditionnelle 200g,Condiments,Sfax,Wholesale,6,6.5,0.0,39.0,19.8
3128,2025-07-28,Dattes Deglet Nour 1kg,Dates,Tunis,Wholesale,5,14.0,0.0,70.0,27.5
2847,2025-06-01,Miel de Thym 250g,Honey,Tunis,Retail,2,32.0,0.0,64.0,24.0
1975,2024-12-03,Bsissa Traditionnelle 500g,Grains,Gabes,Retail,20,9.5,10.0,171.0,71.0
2240,2025-01-18,Bsissa Traditionnelle 500g,Grains,Sfax,Online,2,9.5,0.0,19.0,9.0
3101,2025-07-24,Dattes Deglet Nour 1kg,Dates,Tunis,Retail,1,14.0,5.0,13.3,4.8
1323,2024-07-01,Harissa Traditionnelle 200g,Condiments,Sfax,Wholesale,3,6.5,0.0,19.5,9.9
3434,2025-09-26,Miel de Thym 250g,Honey,Tunis,Online,2,32.0,0.0,64.0,24.0
2993,2025-07-03,Couscous Fin 1kg,Grains,Bizerte,Retail,3,5.8,0.0,17.4,7.2
2635,2025-04-11,Dattes Deglet Nour 1kg,Dates,Sfax,Online,6,14.0,0.0,84.0,33.0
2937,2025-06-20,Couscous Complet 1kg,Grains,Monastir,Wholesale,5,7.2,0.0,36.0,15.5
2348,2025-02-16,Dattes Deglet Nour 5kg,Dates,Sousse,Retail,3,62.0,0.0,186.0,69.0
1359,2024-07-11,Dattes Deglet Nour 5kg,Dates,Gabes,Wholesale,30,62.0,5.0,1767.0,597.0
1310,2024-06-27,Dattes Deglet Nour 5kg,Dates,Gabes,Retail,12,62.0,0.0,744.0,276.0
1138,2024-05-05,Huile d'Olive Extra Vierge 1L,Olive Oil,,Wholesale,5,28.5,0.0,142.5,47.5
2079,2024-12-20,Huile d'Olive Extra Vierge 5L,Olive Oil,Sousse,Wholesale,5,132.0,15.0,561.0,101.0
2830,2025-05-28,Huile d'Olive Extra Vierge 5L,Olive Oil,Monastir,Online,1,132.0,0.0,132.0,40.0
1585,2024-09-15,Dattes Deglet Nour 1kg,Dates,Tunis,Wholesale,12,14.0,,168.0,66.0
3325,2025-09-09,Miel de Thym 250g,Honey,Tunis,Retail,1,32.0,5.0,30.4,10.4
1337,2024-07-05,Huile d'Olive Extra Vierge 5L,Olive Oil,Tunis,Retail,1,132.0,5.0,125.4,33.4
1044,2024-04-12,Huile d'Olive Extra Vierge 5L,Olive Oil,Sfax,Retail,12,132.0,0.0,1584.0,480.0
3086,2025-07-21,Miel de Thym 250g,Honey,Sousse,Online,12,32.0,0.0,384.0,144.0
3452,2025-09-29,Bsissa Traditionnelle 500g,Grains,Sfax,Wholesale,8,9.5,0.0,76.0,36.0
1132,2024-05-04,Couscous Complet 1kg,Grains,Bizerte,Retail,6,7.2,0.0,43.2,18.6
2502,2025-03-17,Bsissa Traditionnelle 500g,Grains,Sfax,Wholesale,12,9.5,5.0,108.3,48.3
1325,2024-07-01,Couscous Complet 1kg,Grains,Sfax,Wholesale,3,7.2,0.0,21.6,9.3
3251,2025-08-22,Couscous Fin 1kg,Grains,Monastir,Retail,2,5.8,10.0,10.44,3.64
1286,2024-06-19,Huile d'Olive Extra Vierge 5L,Olive Oil,Sfax,Wholesale,10,132.0,20.0,1056.0,136.0
2662,2025-04-20,Bsissa Traditionnelle 500g,Grains,Sousse,Retail,20,9.5,0.0,190.0,90.0
2627,2025-04-10,Couscous Fin 1kg,Grains,Monastir,Wholesale,12,5.8,0.0,69.6,28.8
3020,2025-07-06,Couscous Complet 1kg,Grains,Sfax,ONLINE,1,7.2,0.0,7.2,3.1
1700,2024-10-11,Bsissa Traditionnelle 500g,Grains,Gabes,Online,2,9.5,5.0,18.05,8.05
1421,2024-07-29,Huile d'Olive Extra Vierge 1L,Olive Oil,Tunis,Retail,10,28.5,0.0,285.0,95.0
1498,2024-08-20,Huile d'Olive Extra Vierge 5L,Olive Oil,Tunis,Wholesale,3,132.0,10.0,356.4,80.4
1526,2024-08-28,Harissa 1kg (pro),Condiments,Bizerte,Retail,6,24.0,0.0,144.0,69.0
1105,2024-04-27,Harissa Traditionnelle 200g,Condiments,Bizerte,Retail,3,6.5,5.0,18.52,8.92
3084,20/07/2025,Harissa 1kg (pro),Condiments,Bizerte,Retail,1,24.0,0.0,24.0,11.5
1272,2024-06-17,Couscous Complet 1kg,Grains,Tunis,Retail,4,7.2,0.0,28.8,12.4
1868,2024-11-11,Miel de Thym 250g,Honey,Bizerte,Retail,4,32.0,0.0,128.0,48.0
1273,2024-06-17,Bsissa Traditionnelle 500g,Grains,Tunis,Retail,2,9.5,0.0,19.0,9.0
1907,2024-11-20,Dattes Deglet Nour 1kg,Dates,Tunis,Retail,13,14.0,0.0,182.0,71.5
1959,2024-11-30,Bsissa Traditionnelle 500g,Grains,Sousse,Retail,1,9.5,0.0,9.5,4.5
1957,2024-11-30,Couscous Fin 1kg,Grains,Sousse,Online,1,5.8,0.0,5.8,2.4
2536,2025-03-23,Dattes Deglet Nour 5kg,Dates,Sfax,Wholesale,16,62.0,0.0,992.0,368.0
1847,2024-11-08,Huile d'Olive Extra Vierge 5L,Olive Oil,Bizerte,Retail,3,132.0,10.0,356.4,80.4
1265,2024-06-15,Couscous Complet 1kg,Grains,Sfax,Retail,1,7.2,0.0,7.2,3.1
1479,2024-08-13,Couscous Complet 1kg,Grains,Sfax,Wholesale,48,7.2,0.0,345.6,148.8
1074,2024-04-19,Harissa 1kg (pro),Condiments,Sousse,Wholesale,5,24.0,5.0,114.0,51.5
1302,2024-06-26,Dattes Deglet Nour 1kg,Dates,Gabes,Wholesale,16,14.0,0.0,224.0,88.0
1985,2024-12-04,Bsissa Traditionnelle 500g,Grains,Sfax,Retail,2,9.5,0.0,19.0,9.0
1034,2024-04-10,Bsissa Traditionnelle 500g,Grains,Tunis,Retail,1,9.5,0.0,9.5,4.5
3039,2025-07-09,Huile d'Olive Extra Vierge 5L,Olive Oil,Sfax,Online,1,132.0,15.0,112.2,20.2
1722,2024-10-15,Bsissa Traditionnelle 500g,Grains,Gabes,Retail,4,9.5,10.0,34.2,14.2
2805,2025-05-25,Couscous Fin 1kg,Grains,Tunis,Wholesale,24,5.8,0.0,139.2,57.6
2494,2025-03-17,Huile d'Olive Extra Vierge 5L,Olive Oil,Tunis,Wholesale,4,132.0,5.0,501.6,133.6
1763,2024-10-25,Huile d'Olive Extra Vierge 1L,Olive Oil,Tunis,Retail,20,28.5,5.0,541.5,161.5
2559,2025-03-28,Harissa 1kg (pro),Condiments,Monastir,Retail,2,24.0,0.0,48.0,23.0
1513,2024-08-24,Harissa 1kg (pro),Condiments,Sousse,Retail,1,24.0,5.0,22.8,10.3
2216,2025-01-13,Dattes Deglet Nour 5kg,Dates,Tunis,Retail,1,62.0,0.0,62.0,23.0
1454,2024-08-07,Dattes Deglet Nour 5kg,Dates,Sousse,Online,1,62.0,0.0,62.0,23.0
1878,2024-11-13,Dattes Deglet Nour 5kg,Dates,tunis,Retail,4,62.0,0.0,248.0,92.0
2880,2025-06-06,Bsissa Traditionnelle 500g,Grains,Gabes,Wholesale,50,9.5,0.0,475.0,225.0
3408,2025-09-21,Harissa 1kg (pro),Condiments,Sfax,online,4,24.0,5.0,91.2,41.2
1093,2024-04-24,Huile d'Olive Extra Vierge 1L,Olive Oil,tunis,Online,1,28.5,0.0,28.5,9.5
3240,2025-08-20,Harissa 1kg (pro),Condiments,Monastir,Retail,1,24.0,0.0,24.0,11.5
2725,2025-05-04,Couscous Complet 1kg,Grains,Gabes,Online,3,7.2,0.0,21.6,9.3
3282,2025-08-29,Couscous Complet 1kg,Grains,Monastir,Wholesale,10,7.2,0.0,72.0,31.0
1693,2024-10-09,Harissa 1kg (pro),Condiments,,Wholesale,10,24.0,0.0,240.0,115.0
2297,2025-02-03,Huile d'Olive Extra Vierge 5L,Olive Oil,Sfax,Wholesale,12,132.0,0.0,1584.0,480.0
2649,2025-04-15,Couscous Fin 1kg,Grains,Monastir,Retail,2,5.8,10.0,10.44,3.64
1634,2024-09-28,Huile d'Olive Extra Vierge 1L,Olive Oil,Sousse,Online,20,28.5,0.0,570.0,190.0
1419,2024-07-27,Couscous Fin 1kg,Grains,Sousse,Retail,6,5.8,0.0,34.8,14.4
2317,2025-02-08,Dattes Deglet Nour 1kg,Dates,Tunis,Wholesale,3,14.0,10.0,37.8,12.3
3396,2025-09-19,Bsissa Traditionnelle 500g,Grains,Sfax,Retail,1,9.5,0.0,9.5,4.5
1278,2024-06-18,Harissa Traditionnelle 200g,Condiments,Sfax,Retail,1,6.5,0.0,6.5,3.3
1383,2024-07-17,Huile d'Olive Extra Vierge 5L,Olive Oil,Gabes,Retail,1,132.0,15.0,112.2,20.2
2226,2025-01-15,Couscous Fin 1kg,Grains,Gabes,Online,2,5.8,10.0,10.44,3.64
2135,2024-12-29,Harissa Traditionnelle 200g,Condiments,Sousse,Wholesale,3,6.5,0.0,19.5,9.9
3448,2025-09-29,Harissa Traditionnelle 200g,Condiments,Tunis,Wholesale,10,6.5,5.0,61.75,29.75
2908,2025-06-14,Couscous Complet 1kg,Grains,Sfax,Retail,1,7.2,0.0,7.2,3.1
2498,2025-03-17,Huile d'Olive Extra Vierge 5L,Olive Oil,Sfax,Retail,1,132.0,10.0,118.8,26.8
3142,2025-08-01,Bsissa Traditionnelle 500g,Grains,Tunis,Online,3,9.5,0.0,28.5,13.5
2813,2025-05-26,Dattes Deglet Nour 1kg,Dates,Gabes,Retail,3,14.0,10.0,37.8,12.3
2551,2025-03-26,Couscous Complet 1kg,Grains,Monastir,Retail,1,7.2,0.0,7.2,3.1
1659,2024-10-03,Couscous Fin 1kg,Grains,Sousse,Wholesale,4,5.8,0.0,23.2,9.6
1296,2024-06-23,Bsissa Traditionnelle 500g,Grains,Tunis,Retail,1,9.5,0.0,9.5,4.5
2898,2025-06-12,Huile d'Olive Extra Vierge 5L,Olive Oil,Tunis,Retail,1,132.0,0.0,132.0,40.0
2656,2025-04-18,Huile d'Olive Extra Vierge 5L,Olive Oil,Tunis,Wholesale,12,132.0,15.0,1346.4,242.4
2040,2024-12-15,Dattes Deglet Nour 1kg,Dates,Sfax,Retail,2,14.0,10.0,25.2,8.2
1030,2024-04-09,Huile d'Olive Extra Vierge 1L,Olive Oil,Bizerte,Online,3,28.5,5.0,81.22,24.22
1804,2024-10-31,Couscous Complet 1kg,Grains,Sousse,Retail,20,7.2,10.0,129.6,47.6
1528,2024-08-28,Dattes Deglet Nour 1kg,Dates,Sousse,Wholesale,20,14.0,5.0,266.0,96.0
1663,2024-10-04,Dattes Deglet Nour 1kg,Dates,Monastir,Retail,4,14.0,0.0,56.0,22.0
1636,2024-09-28,Dattes Deglet Nour 5kg,Dates,Tunis,WHOLESALE,16,62.0,5.0,942.4,318.4
1317,2024-06-28,Harissa 1kg (pro),Condiments,Sfax,Retail,6,24.0,0.0,144.0,69.0
1041,2024-04-11,Harissa Traditionnelle 200g,Condiments,Bizerte,Retail,3,6.5,0.0,19.5,9.9
2974,2025-06-28,Huile d'Olive Extra Vierge 1L,Olive Oil,Tunis,Retail,2,28.5,10.0,51.3,13.3
3036,2025-07-09,Dattes Deglet Nour 5kg,Dates,,Retail,6,62.0,0.0,372.0,138.0
2296,2025-02-02,Dattes Deglet Nour 1kg,Dates,Gabes,Wholesale,18,14.0,0.0,252.0,99.0
2529,2025-03-23,Huile d'Olive Extra Vierge 1L,Olive Oil,Sfax,Retail,12,28.5,10.0,307.8,79.8
1822,2024-11-03,Couscous Complet 1kg,Grains,Bizerte,Retail,4,7.2,0.0,28.8,12.4
2525,2025-03-22,Huile d'Olive Extra Vierge 5L,Olive Oil,Sfax,Retail,1,132.0,10.0,118.8,26.8
2308,2025-02-05,Dattes Deglet Nour 5kg,Dates,Sousse,retail,4,62.0,0.0,248.0,92.0
1077,2024-04-20,Bsissa Traditionnelle 500g,Grains,Monastir,Retail,6,9.5,0.0,57.0,27.0
3231,2025-08-18,Harissa Traditionnelle 200g,Condiments,Sfax,Retail,1,6.5,10.0,5.85,2.65
1217,2024-06-03,Harissa 1kg (pro),Condiments,Tunis,Wholesale,6,24.0,0.0,144.0,69.0
1260,2024-06-14,Couscous Complet 1kg,Grains,Sfax,Retail,6,7.2,10.0,38.88,14.28
3103,2025-07-24,Couscous Complet 1kg,Grains,Sfax,Wholesale,8,7.2,0.0,57.6,24.8
2671,2025-04-22,Harissa 1kg (pro),Condiments,Monastir,retail,2,24.0,0.0,48.0,23.0
1790,2024-10-29,Bsissa Traditionnelle 500g,Grains,Monastir,Retail,2,9.5,0.0,19.0,9.0
2470,2025-03-12,Bsissa Traditionnelle 500g,Grains,Tunis,Wholesale,3,9.5,5.0,27.07,12.07
2254,2025-01-22,Couscous Complet 1kg,Grains,Tunis,Wholesale,16,7.2,0.0,115.2,49.6
1163,2024-05-14,Bsissa Traditionnelle 500g,Grains,Tunis,Wholesale,5,9.5,0.0,47.5,22.5
3073,2025-07-18,Couscous Complet 1kg,Grains,Bizerte,Retail,4,7.2,5.0,27.36,10.96
2796,2025-05-23,Harissa Traditionnelle 200g,Condiments,Tunis,Online,4,6.5,5.0,24.7,11.9
1010,2024-04-03,Huile d'Olive Extra Vierge 1L,Olive Oil,Tunis,Wholesale,6,28.5,10.0,153.9,39.9
1769,2024-10-26,Couscous Complet 1kg,Grains,Bizerte,Retail,6,7.2,0.0,43.2,18.6
2885,2025-06-07,Huile d'Olive Extra Vierge 5L,Olive Oil,Tunis,Retail,2,132.0,10.0,237.6,53.6
2870,2025-06-04,Bsissa Traditionnelle 500g,Grains,Monastir,Retail,1,9.5,10.0,8.55,3.55
2281,2025-01-30,Couscous Fin 1kg,Grains,Tunis,Retail,1,5.8,10.0,5.22,1.82
3407,2025-09-20,Harissa Traditionnelle 200g,Condiments,Bizerte,Retail,12,6.5,0.0,78.0,39.6
2986,2025-06-30,Bsissa Traditionnelle 500g,Grains,Sfax,Online,1,9.5,0.0,9.5,4.5
1534,2024-08-31,Bsissa Traditionnelle 500g,Grains,Tunis,Retail,1,9.5,5.0,9.03,4.03
1983,2024-12-04,Huile d'Olive Extra Vierge 5L,Olive Oil,Sousse,Wholesale,20,132.0,5.0,2508.0,668.0
1889,2024-11-16,Dattes Deglet Nour 5kg,Dates,Bizerte,Online,22,62.0,0.0,1364.0,506.0
2291,2025-01-31,Huile d'Olive Extra Vierge 5L,Olive Oil,monastir,Retail,10,132.0,10.0,1188.0,268.0
1127,2024-05-01,Harissa 1kg (pro),Condiments,Sfax,Retail,2,24.0,0.0,48.0,23.0
1704,2024-10-12,Couscous Complet 1kg,Grains,Tunis,Online,1,7.2,0.0,7.2,3.1
1643,2024-09-30,Harissa Traditionnelle 200g,Condiments,Sfax,Wholesale,9999,6.5,0.0,32.5,16.5
2451,2025-03-08,Miel de Thym 250g,Honey,Sfax,Online,3,32.0,0.0,96.0,36.0
1678,2024-10-07,Couscous Complet 1kg,Grains,Tunis,Retail,1,7.2,0.0,7.2,3.1
3072,2025-07-17,Couscous Fin 1kg,Grains,Bizerte,Online,3,5.8,10.0,15.66,5.46
2845,2025-05-31,Couscous Complet 1kg,Grains,Bizerte,Retail,3,7.2,5.0,20.52,8.22
2566,2025-03-31,Couscous Complet 1kg,Grains,Sfax,Wholesale,6,7.2,0.0,43.2,18.6
1862,2024-11-10,Miel de Thym 250g,Honey,Monastir,Wholesale,30,32.0,0.0,960.0,360.0
2090,2024-12-22,Bsissa Traditionnelle 500g,Grains,Sfax,Wholesale,18,9.5,0.0,171.0,81.0
2603,2025-04-06,Bsissa Traditionnelle 500g,Grains,Tunis,Retail,20,9.5,0.0,190.0,90.0
2676,2025-04-23,Huile d'Olive Extra Vierge 1L,Olive Oil,Bizerte,Wholesale,18,28.5,10.0,461.7,119.7
2927,2025-06-18,Harissa Traditionnelle 200g,Condiments,Tunis,Online,2,6.5,,12.35,5.95
1850,2024-11-08,Couscous Complet 1kg,Grains,Tunis,Online,1,7.2,5.0,6.84,2.74
2020,2024-12-10,Huile d'Olive Extra Vierge 5L,Olive Oil,Tunis,Retail,2,132.0,0.0,264.0,80.0
2590,2025-04-04,Dattes Deglet Nour 5kg,Dates,Monastir,Retail,3,62.0,5.0,176.7,59.7
2867,2025-06-03,Miel de Thym 250g,Honey,Sfax,Online,3,32.0,5.0,91.2,31.2
1900,2024-11-18,Huile d'Olive Extra Vierge 5L,Olive Oil,Gabes,Wholesale,12,132.0,5.0,1504.8,400.8
1890,2024-11-16,Miel de Thym 250g,Honey,Sousse,Wholesale,5,32.0,5.0,152.0,52.0
3262,2025-08-24,Couscous Fin 1kg,Grains,Monastir,Retail,1,5.8,0.0,5.8,2.4
1324,2024-07-01,Harissa Traditionnelle 200g,Condiments,Sousse,Wholesale,18,6.5,0.0,117.0,59.4
1858,2024-11-10,Huile d'Olive Extra Vierge 1L,Olive Oil,Sousse,Online,10,28.5,10.0,256.5,66.5
1319,2024-06-29,Huile d'Olive Extra Vierge 1L,Olive Oil,Sousse,Retail,10,28.5,0.0,285.0,95.0
2085,2024-12-21,Huile d'Olive Extra Vierge 1L,Olive Oil,Tunis,Online,4,28.5,5.0,108.3,32.3
1726,2024-10-17,Bsissa Traditionnelle 500g,Grains,Tunis,Wholesale,40,9.5,10.0,342.0,142.0
3385,2025-09-18,Dattes Deglet Nour 5kg,Dates,Gabes,Online,2,62.0,0.0,124.0,46.0
3347,2025-09-12,Huile d'Olive Extra Vierge 5L,Olive Oil,Sousse,Wholesale,3,132.0,5.0,376.2,100.2
2010,2024-12-09,Huile d'Olive Extra Vierge 5L,Olive Oil,Bizerte,Retail,4,132.0,5.0,501.6,133.6
2464,2025-03-11,Harissa 1kg (pro),Condiments,Sousse,Retail,12,24.0,10.0,259.2,109.2
2014,2024-12-10,Dattes Deglet Nour 5kg,Dates,Gabes,Retail,6,62.0,0.0,372.0,138.0
3429,2025-09-26,Couscous Fin 1kg,Grains,Gabes,Wholesale,5,5.8,0.0,29.0,12.0
2095,2024-12-23,Dattes Deglet Nour 1kg,Dates,Gabes,Retail,22,14.0,5.0,292.6,105.6
1838,2024-11-06,Dattes Deglet Nour 5kg,Dates,Tunis,Wholesale,79,62.0,0.0,4898.0,1817.0
1035,2024-04-10,Miel de Thym 250g,Honey,Sousse,Wholesale,9,32.0,0.0,288.0,108.0
3276,2025-08-29,Huile d'Olive Extra Vierge 1L,Olive Oil,Monastir,Retail,2,28.5,10.0,51.3,13.3
2066,2024-12-19,Miel de Thym 250g,Honey,Bizerte,Online,1,32.0,0.0,32.0,12.0
1647,2024-10-01,Bsissa Traditionnelle 500g,Grains,Gabes,Retail,12,9.5,0.0,114.0,54.0
2303,2025-02-04,Huile d'Olive Extra Vierge 1L,Olive Oil,Tunis,Wholesale,15,28.5,5.0,406.12,121.12
2892,2025-06-10,Bsissa Traditionnelle 500g,Grains,Bizerte,Retail,1,9.5,0.0,9.5,4.5
1437,2024-08-03,Huile d'Olive Extra Vierge 5L,Olive Oil,Sousse,Retail,4,132.0,5.0,501.6,133.6
2386,2025-02-23,Dattes Deglet Nour 5kg,Dates,Bizerte,Wholesale,30,62.0,10.0,1674.0,504.0
2740,2025-05-09,Harissa 1kg (pro),Condiments,Gabes,Online,3,24.0,0.0,72.0,34.5
1326,2024-07-02,Huile d'Olive Extra Vierge 1L,Olive Oil,Monastir,Retail,12,28.5,0.0,342.0,114.0
2922,2025-06-18,Huile d'Olive Extra Vierge 5L,Olive Oil,Sfax,Retail,1,132.0,10.0,118.8,26.8
1902,2024-11-19,Couscous Fin 1kg,Grains,Monastir,Wholesale,16,5.8,10.0,83.52,29.12
2976,2025-06-29,Dattes Deglet Nour 5kg,Dates,Bizerte,Retail,3,62.0,0.0,186.0,69.0
1993,2024-12-05,Dattes Deglet Nour 1kg,Dates,Tunis,Wholesale,132,14.0,0.0,1848.0,726.0
1391,2024-07-20,Dattes Deglet Nour 5kg,Dates,Tunis,Retail,4,62.0,5.0,235.6,79.6
2617,2025-04-08,Miel de Thym 250g,Honey,Tunis,Wholesale,16,32.0,0.0,512.0,192.0
2703,2025-04-29,Bsissa Traditionnelle 500g,Grains,Tunis,Retail,4,9.5,10.0,34.2,14.2
2437,2025-03-06,Harissa 1kg (pro),Condiments,Sfax,Online,3,24.0,0.0,72.0,34.5
3114,2025-07-25,Harissa Traditionnelle 200g,Condiments,Tunis,Retail,1,6.5,0.0,6.5,3.3
3255,2025-08-23,Bsissa Traditionnelle 500g,Grains,Sfax,Retail,6,9.5,0.0,57.0,27.0
2189,2025-01-07,Harissa 1kg (pro),Condiments,Sfax,Retail,1,24.0,0.0,24.0,11.5
1871,2024-11-12,Bsissa Traditionnelle 500g,Grains,Gabes,Wholesale,30,9.5,0.0,285.0,135.0
3226,2025-08-17,Miel de Thym 250g,Honey,Tunis,Retail,4,32.0,0.0,128.0,48.0
1297,2024-06-24,Huile d'Olive Extra Vierge 5L,Olive Oil,Bizerte,WHOLESALE,18,132.0,15.0,2019.6,363.6
2343,2025-02-14,Huile d'Olive Extra Vierge 1L,Olive Oil,tunis,Retail,1,28.5,10.0,25.65,6.65
1673,2024-10-06,Huile d'Olive Extra Vierge 5L,Olive Oil,Tunis,Wholesale,12,132.0,5.0,1504.8,400.8
2817,2025-05-26,Harissa 1kg (pro),Condiments,Tunis,Retail,1,24.0,10.0,21.6,9.1
2690,2025-04-27,Couscous Complet 1kg,Grains,Tunis,Retail,20,7.2,0.0,144.0,62.0
1602,2024-09-19,Dattes Deglet Nour 1kg,Dates,Monastir,Online,10,14.0,10.0,126.0,41.0
3134,2025-07-30,Huile d'Olive Extra Vierge 5L,Olive Oil,Sfax,Retail,2,132.0,5.0,250.8,66.8
3345,2025-09-12,Dattes Deglet Nour 1kg,Dates,Tunis,Wholesale,4,14.0,0.0,56.0,22.0
2973,2025-06-28,Dattes Deglet Nour 5kg,Dates,Monastir,Retail,4,62.0,0.0,248.0,92.0
2003,2024-12-07,Dattes Deglet Nour 5kg,Dates,Tunis,Wholesale,8,62.0,0.0,496.0,184.0
3055,2025-07-13,Bsissa Traditionnelle 500g,Grains,Sousse,Wholesale,12,9.5,0.0,114.0,54.0
1575,2024-09-12,Harissa 1kg (pro),Condiments,Sousse,Wholesale,80,24.0,0.0,1920.0,920.0
2512,2025-03-19,Harissa Traditionnelle 200g,Condiments,Sfax,Wholesale,100,6.5,0.0,650.0,330.0
2265,2025-01-25,Harissa Traditionnelle 200g,Condiments,Sfax,Retail,2,6.5,10.0,11.7,5.3
2500,2025-03-17,Miel de Thym 250g,Honey,Tunis,Retail,2,32.0,5.0,60.8,20.8
1333,2024-07-03,Couscous Complet 1kg,Grains,Sousse,Online,1,7.2,0.0,7.2,3.1
3341,2025-09-11,Dattes Deglet Nour 5kg,Dates,Sfax,Online,2,62.0,0.0,124.0,46.0
1384,17/07/2024,Couscous Complet 1kg,Grains,Tunis,Retail,20,7.2,5.0,136.8,54.8
1531,2024-08-31,Huile d'Olive Extra Vierge 1L,Olive Oil,,Wholesale,60,28.5,10.0,1539.0,399.0
1434,2024-08-02,Huile d'Olive Extra Vierge 5L,Olive Oil,Sfax,Retail,6,132.0,15.0,673.2,121.2
2882,2025-06-06,Miel de Thym 250g,Honey,Tunis,Wholesale,5,32.0,0.0,160.0,60.0
1118,2024-04-29,Couscous Fin 1kg,Grains,Tunis,Retail,1,5.8,5.0,5.51,2.11
2961,2025-06-25,Couscous Complet 1kg,Grains,Tunis,Online,4,7.2,0.0,28.8,12.4
1438,2024-08-03,Huile d'Olive Extra Vierge 5L,Olive Oil,Bizerte,Wholesale,6,132.0,5.0,752.4,200.4
2356,2025-02-18,Couscous Fin 1kg,Grains,tunis,Online,2,5.8,0.0,11.6,4.8
1811,2024-11-01,Harissa Traditionnelle 200g,Condiments,Tunis,Wholesale,15,6.5,5.0,92.62,44.62
3048,2025-07-12,Miel de Thym  250g,Honey,Gabes,Online,2,32.0,0.0,64.0,24.0
2322,2025-02-09,Bsissa Traditionnelle 500g,Grains,Gabes,Retail,3,9.5,0.0,28.5,13.5
1496,2024-08-20,Huile d'Olive Extra Vierge 5L,Olive Oil,Tunis,Online,6,132.0,20.0,633.6,81.6
2876,2025-06-05,Huile d'Olive Extra Vierge 1L,Olive Oil,Sousse,Retail,2,28.5,0.0,57.0,19.0
3444,2025-09-28,Couscous Fin 1KG,Grains,Tunis,Online,3,5.8,0.0,17.4,7.2
1621,2024-09-26,Harissa 1kg (pro),Condiments,,Retail,4,24.0,0.0,96.0,46.0
2732,2025-05-07,Couscous Complet 1kg,Grains,Gabes,Wholesale,20,7.2,0.0,144.0,62.0
1505,2024-08-22,Huile d'Olive Extra Vierge 1L,Olive Oil,Tunis,Online,6,28.5,10.0,153.9,39.9
1998,2024-12-06,Harissa 1kg (pro),Condiments,Sousse,Retail,1,24.0,0.0,24.0,11.5
2477,2025-03-13,Huile d'Olive Extra Vierge 1L,Olive Oil,Bizerte,Retail,4,28.5,15.0,96.9,20.9
2989,2025-07-01,Dattes Deglet Nour 5kg,Dates,Sousse,Online,1,62.0,0.0,62.0,23.0
2206,2025-01-12,Huile d'Olive Extra Vierge 1L,Olive Oil,Sfax,Retail,10,28.5,5.0,270.75,80.75
1200,2024-05-29,Harissa Traditionnelle 200g,Condiments,Tunis,Wholesale,12,6.5,0.0,78.0,39.6
2804,2025-05-25,Bsissa Traditionnelle 500g,Grains,Gabes,Retail,6,9.5,0.0,57.0,27.0
2816,2025-05-26,Huile d'Olive Extra Vierge 5L,Olive Oil,Gabes,Retail,3,132.0,0.0,396.0,120.0
3071,2025-07-17,Huile d'Olive Extra Vierge 5L,Olive Oil,Tunis,Retail,1,132.0,10.0,118.8,26.8
2435,2025-03-05,Harissa 1kg (pro),Condiments,Tunis,Wholesale,9999,24.0,5.0,136.8,61.8
1233,2024-06-07,Dattes Deglet Nour 5kg,Dates,Bizerte,Retail,1,62.0,5.0,58.9,19.9
2195,2025-01-09,Huile d'Olive Extra Vierge 5L,Olive Oil,Sfax,Retail,1,132.0,5.0,125.4,33.4
3459,2025-09-30,Huile d'Olive Extra Vierge 5L,Olive Oil,Sousse,Wholesale,18,132.0,0.0,2376.0,720.0
1632,2024-09-27,Dattes Deglet Nour 1kg,Dates,Monastir,Online,4,14.0,5.0,53.2,19.2
1472,2024-08-11,Dattes Deglet Nour 1kg,Dates,Gabes,Retail,1,14.0,0.0,14.0,5.5
3139,2025-07-31,Harissa Traditionnelle 200g,Condiments,Bizerte,Retail,3,6.5,5.0,18.52,8.92
2799,2025-05-24,Harissa Traditionnelle 200g,Condiments,Gabes,Retail,2,6.5,10.0,11.7,5.3
2275,2025-01-28,Dattes Deglet Nour 1kg,Dates,Monastir,Wholesale,24,14.0,0.0,336.0,132.0
2104,2024-12-24,Dattes Deglet Nour 5kg,Dates,Tunis,Retail,44,62.0,5.0,2591.6,875.6
2602,2025-04-06,Dattes Deglet Nour 5kg,Dates,Tunis,wholesale,80,62.0,0.0,4960.0,1840.0
1476,2024-08-12,Dattes Deglet Nour 1kg,Dates,Sousse,Wholesale,4,14.0,0.0,56.0,22.0
2162,2025-01-03,Huile d'Olive Extra Vierge 5L,Olive Oil,Sousse,RETAIL,3,132.0,0.0,396.0,120.0
1662,2024-10-03,Huile d'Olive Extra Vierge 1L,Olive Oil,Bizerte,Retail,9999,28.5,15.0,24.22,5.22
2909,2025-06-14,Huile d'Olive Extra Vierge 5L,Olive Oil,Sfax,Retail,3,132.0,15.0,336.6,60.6
1399,2024-07-21,Harissa Traditionnelle 200g,Condiments,Tunis,Online,3,6.5,0.0,19.5,9.9
2600,2025-04-05,Huile d'Olive Extra Vierge 5L,Olive Oil,Monastir,Wholesale,8,132.0,,1003.2,267.2
2624,2025-04-09,Huile d'Olive Extra Vierge 1L,Olive Oil,Bizerte,Online,2,28.5,10.0,51.3,13.3
2324,2025-02-10,Harissa Traditionnelle 200g,Condiments,Bizerte,Retail,6,6.5,0.0,39.0,19.8
1470,2024-08-11,Miel de Thym 250g,Honey,Tunis,Wholesale,3,32.0,0.0,96.0,36.0
2499,2025-03-17,Miel de Thym 250g,Honey,Sousse,Retail,10,32.0,10.0,288.0,88.0
2838,2025-05-30,Dattes Deglet Nour 1kg,Dates,Tunis,Online,4,14.0,0.0,56.0,22.0
2883,2025-06-07,Huile d'Olive Extra Vierge 5L,Olive Oil,Sfax,Retail,2,132.0,5.0,250.8,66.8
2068,2024-12-19,Miel de Thym 250g,Honey,Sfax,Online,1,32.0,0.0,32.0,12.0
1151,2024-05-09,Harissa Traditionnelle 200g,Condiments,Bizerte,Retail,1,6.5,0.0,6.5,3.3
3038,2025-07-09,Harissa Traditionnelle 200g,Condiments,Tunis,Retail,12,6.5,5.0,74.1,35.7
2318,2025-02-09,Dattes Deglet Nour 5kg,Dates,Sfax,Wholesale,12,62.0,5.0,706.8,238.8
1194,2024-05-26,Harissa 1kg (pro),Condiments,Tunis,Retail,6,24.0,0.0,144.0,69.0
2852,2025-06-01,Huile d'Olive Extra Vierge 5L,Olive Oil,Sfax,Retail,1,132.0,10.0,118.8,26.8
1865,2024-11-10,Harissa 1kg (pro),Condiments,Monastir,Retail,1,24.0,0.0,24.0,11.5
2484,2025-03-15,Huile d'Olive Extra Vierge 5L,Olive Oil, Gabes ,Retail,2,132.0,15.0,224.4,40.4
2891,2025-06-09,Couscous Complet 1kg,Grains,Gabes,Retail,1,7.2,0.0,7.2,3.1
3029,2025-07-07,Harissa Traditionnelle 200g,Condiments,Bizerte,Wholesale,30,6.5,0.0,195.0,99.0
3161,2025-08-04,Dattes Deglet Nour 1kg,Dates,Tunis,Online,1,14.0,0.0,14.0,5.5
2436,2025-03-05,Dattes Deglet Nour 1kg,Dates,Tunis,Retail,6,14.0,0.0,84.0,33.0
3178,2025-08-07,Couscous Complet 1kg,Grains,Sousse,Retail,1,7.2,0.0,7.2,3.1
1971,2024-12-02,Miel de Thym 250g,Honey,Tunis,Wholesale,5,32.0,0.0,160.0,60.0
1990,2024-12-05,Dattes Deglet Nour 1kg,Dates,Gabes,Retail,2,14.0,,28.0,11.0
1135,2024-05-04,Bsissa Traditionnelle 500g,Grains,Gabes,Retail,10,9.5,0.0,95.0,45.0
1910,2024-11-20,Dattes Deglet Nour 5kg,Dates,Sfax,WHOLESALE,6,62.0,0.0,372.0,138.0
1996,2024-12-06,Bsissa Traditionnelle 500g,Grains,Tunis,Wholesale,6,9.5,0.0,57.0,27.0
1402,2024-07-22,Harissa 1kg (pro),Condiments,Sousse,Online,1,24.0,0.0,24.0,11.5
1420,2024-07-28,Harissa 1kg (pro),Condiments,Monastir,Wholesale,5,24.0,10.0,108.0,45.5
2760,2025-05-15,Couscous Fin 1kg,Grains,Gabes,Online,3,5.8,0.0,17.4,7.2
1019,06/04/2024,Couscous Complet 1kg,Grains,Tunis,Wholesale,24,7.2,0.0,172.8,74.4
1219,2024-06-03,Harissa 1kg (pro),Condiments,Sousse,Wholesale,4,24.0,0.0,96.0,46.0
1400,2024-07-22,Harissa 1kg (pro),Condiments,Tunis,Wholesale,60,24.0,0.0,1440.0,690.0
2518,2025-03-21,Couscous Fin 1kg,Grains,Sfax,Retail,3,5.8,0.0,17.4,7.2
2199,2025-01-10,Miel de Thym 250g,Honey,Sousse,Wholesale,12,32.0,0.0,384.0,144.0
3156,2025-08-04,Bsissa Traditionnelle 500g,Grains,Sousse,Wholesale,20,9.5,0.0,190.0,90.0
1577,2024-09-13,Bsissa Traditionnelle 500g,Grains,Bizerte,Retail,4,9.5,5.0,36.1,16.1
1220,2024-06-04,Miel de Thym 250g,Honey,Tunis,Wholesale,9,32.0,5.0,273.6,93.6
1075,2024-04-19,Huile d'Olive Extra Vierge 1L,Olive Oil,Tunis,Wholesale,60,28.5,10.0,1539.0,399.0
1064,2024-04-16,Huile d'Olive Extra Vierge 5L,Olive Oil,Sousse,Online,6,132.0,5.0,752.4,200.4
2710,2025-04-30,Bsissa Traditionnelle 500g,Grains,Bizerte,Wholesale,5,9.5,0.0,47.5,22.5
2377,2025-02-21,Harissa Traditionnelle 200g,Condiments,Tunis,Retail,3,6.5,0.0,19.5,9.9
1721,2024-10-15,Harissa 1kg (pro),Condiments, Sfax ,Retail,3,24.0,0.0,72.0,34.5
2097,2024-12-23,Miel de Thym 250g,Honey,Monastir,Retail,4,32.0,5.0,121.6,41.6
2586,2025-04-04,Huile d'Olive Extra Vierge 1L,Olive Oil,Tunis,Wholesale,30,28.5,15.0,726.75,156.75
1588,2024-09-16,Couscous Fin 1KG,Grains,Tunis,Online,4,5.8,10.0,20.88,7.28
3307,2025-09-05,Harissa Traditionnelle 200g,Condiments,Monastir,Wholesale,15,6.5,0.0,97.5,49.5
1600,2024-09-18,Couscous Complet 1kg,Grains,Tunis,Wholesale,30,7.2,0.0,216.0,93.0
2806,2025-05-25,Huile d'Olive Extra Vierge 5L,Olive Oil,Tunis,Wholesale,80,132.0,15.0,8976.0,1616.0
3335,2025-09-10,Dattes Deglet Nour 5kg,Dates,Gabes,Online,6,62.0,0.0,372.0,138.0
2312,2025-02-06,Bsissa Traditionnelle 500g,Grains,Tunis,ONLINE,10,9.5,0.0,95.0,45.0
1091,2024-04-24,Harissa 1kg (pro),Condiments,Monastir,Retail,2,24.0,0.0,48.0,23.0
2210,2025-01-13,Huile d'Olive Extra Vierge 5L,Olive Oil,Bizerte,Online,1,132.0,0.0,132.0,40.0
3061,2025-07-15,Bsissa Traditionnelle 500g,Grains,Sfax,Retail,2,9.5,5.0,18.05,8.05
2474,2025-03-12,Couscous Fin 1kg,Grains,Sfax,Retail,1,5.8,0.0,5.8,2.4
2262,24/01/2025,Harissa Traditionnelle 200g,Condiments,Bizerte,Retail,4,6.5,0.0,26.0,13.2
1231,2024-06-07,Dattes Deglet Nour 5kg,Dates,Sousse,Online,20,62.0,0.0,1240.0,460.0
2346,2025-02-15,Couscous Fin 1kg,Grains,Gabes,Retail,1,5.8,0.0,5.8,2.4
2083,2024-12-21,Huile d'Olive Extra Vierge 1L,Olive Oil,Tunis,Wholesale,4,28.5,15.0,96.9,20.9
3237,2025-08-19,Couscous Fin 1kg,Grains,Bizerte,Retail,2,5.8,0.0,11.6,4.8
1672,2024-10-06,Harissa Traditionnelle 200g,Condiments,Tunis,Wholesale,5,6.5,10.0,29.25,13.25
1046,2024-04-12,Couscous Complet 1kg,Grains,Tunis,Retail,3,7.2,0.0,21.6,9.3
1199,2024-05-28,Huile d'Olive Extra Vierge 1L,Olive Oil,Monastir,Retail,4,28.5,5.0,108.3,32.3
3340,2025-09-11,Harissa Traditionnelle 200g,Condiments,Sousse,Wholesale,12,6.5,0.0,78.0,39.6
1004,2024-04-01,Dattes Deglet Nour 1kg,Dates,Gabes,Retail,20,14.0,5.0,266.0,96.0
1586,2024-09-15,Harissa 1kg (pro),Condiments,Gabes,Wholesale,10,24.0,5.0,228.0,103.0
3062,2025-07-15,Bsissa Traditionnelle 500g,Grains,Sousse,Retail,10,9.5,5.0,90.25,40.25
1931,2024-11-24,Couscous Fin 1kg,Grains,Sfax,Retail,2,5.8,0.0,11.6,4.8
3437,2025-09-26,Couscous Fin 1kg,Grains,Sousse,Wholesale,40,5.8,0.0,232.0,96.0
1257,2024-06-13,Harissa Traditionnelle 200g,Condiments,Bizerte,Wholesale,24,6.5,0.0,156.0,79.2
1774,2024-10-27,Couscous Complet 1kg,Grains,Monastir,Online,2,7.2,0.0,14.4,6.2
2970,2025-06-27,Miel de Thym 250g,Honey,Tunis,Retail,1,32.0,0.0,32.0,12.0
1130,2024-05-02,Huile d'Olive Extra Vierge 5L,Olive Oil,Sousse,Retail,3,132.0,10.0,356.4,80.4
2475,2025-03-12,Dattes Deglet Nour 5kg,Dates,Tunis,Retail,4,62.0,0.0,248.0,92.0
1689,2024-10-09,Couscous Fin 1kg,Grains,Sfax,Online,6,5.8,0.0,34.8,14.4
1494,2024-08-19,Miel de Thym 250g,Honey,Tunis,Retail,2,32.0,5.0,60.8,20.8
1485,2024-08-16,Huile d'Olive Extra Vierge 5L,Olive Oil,Monastir,Wholesale,9,132.0,20.0,950.4,122.4
1901,2024-11-19,Bsissa Traditionnelle 500g,Grains,Tunis,Wholesale,12,9.5,0.0,114.0,54.0
3058,2025-07-14,Couscous Fin 1kg,Grains,Gabes,Retail,12,5.8,10.0,62.64,21.84
1347,2024-07-08,Harissa 1kg (pro),Condiments,Monastir,Retail,3,24.0,5.0,68.4,30.9
1146,2024-05-08,Couscous Complet 1kg,Grains,Tunis,Wholesale,3,7.2,0.0,21.6,9.3
2089,2024-12-22,Couscous Fin 1kg,Grains,Bizerte,Retail,1,5.8,0.0,5.8,2.4
2120,2024-12-27,Huile d'Olive Extra Vierge 5L,Olive Oil,Bizerte,Retail,1,132.0,5.0,125.4,33.4
2305,2025-02-04,Dattes Deglet Nour 5kg,Dates,Sfax,Wholesale,8,62.0,0.0,496.0,184.0
3137,2025-07-31,Huile d'Olive Extra Vierge 1L,Olive Oil,Gabes,Wholesale,8,28.5,0.0,228.0,76.0
1461,2024-08-08,Huile d'Olive Extra Vierge 1L,Olive Oil,Bizerte,Retail,1,28.5,5.0,27.07,8.07
1864,2024-11-10,Couscous Complet 1kg,Grains,Tunis,Retail,1,7.2,10.0,6.48,2.38
2414,2025-03-01,Huile d'Olive Extra Vierge 1L,Olive Oil,Sousse,Wholesale,20,28.5,15.0,484.5,104.5
2940,2025-06-21,Huile d'Olive Extra Vierge 1L,Olive Oil,tunis,Retail,1,28.5,5.0,27.07,8.07
1628,2024-09-27,Dattes Deglet Nour 1kg,Dates,Sousse,Retail,6,14.0,,84.0,33.0
1352,2024-07-10,Harissa 1kg (pro),Condiments,Tunis,Retail,4,24.0,0.0,96.0,46.0
3393,2025-09-18,Harissa 1kg (pro),Condiments,Sousse,Online,6,24.0,,144.0,69.0
2202,2025-01-10,Couscous Complet 1kg,Grains,Tunis,Retail,2,7.2,0.0,14.4,6.2
2614,2025-04-07,Bsissa Traditionnelle 500g,Grains,Tunis,Wholesale,12,9.5,0.0,114.0,54.0
1460,2024-08-08,Miel de Thym 250g,Honey,Bizerte,Retail,6,32.0,0.0,192.0,72.0
1608,2024-09-20,Dattes Deglet Nour 1kg,Dates,Sousse,Retail,1,14.0,10.0,12.6,4.1
2466,2025-03-11,Huile d'Olive Extra Vierge 5L,Olive Oil,Sousse,Retail,1,132.0,5.0,125.4,33.4
1311,2024-06-27,Harissa Traditionnelle 200g,Condiments,Gabes,Wholesale,100,6.5,0.0,650.0,330.0
2213,2025-01-13,Harissa Traditionnelle 200g,Condiments,Sousse,Wholesale,12,6.5,0.0,78.0,39.6
1934,2024-11-24,Miel de Thym 250g,Honey,Sfax,Online,6,32.0,0.0,192.0,72.0
2728,2025-05-06,Huile d'Olive Extra Vierge 1L,Olive Oil,Sousse,Wholesale,10,28.5,5.0,270.75,80.75
2299,2025-02-03,Dattes Deglet Nour 1kg,Dates,Monastir,Online,20,14.0,10.0,252.0,82.0
2653,2025-04-17,Bsissa Traditionnelle 500g,Grains,Sfax,Wholesale,15,9.5,0.0,142.5,67.5
2599,2025-04-05,Dattes Deglet Nour 1kg,Dates,Tunis,Wholesale,12,14.0,0.0,168.0,66.0
1039,2024-04-11,Couscous Complet 1kg,Grains,Monastir,Wholesale,48,7.2,5.0,328.32,131.52
1360,2024-07-12,Harissa Traditionnelle 200g,Condiments,Monastir,Wholesale,3,6.5,0.0,19.5,9.9
1205,2024-05-30,Huile d'Olive Extra Vierge 1L,Olive Oil,Bizerte,Retail,2,28.5,20.0,45.6,7.6
1885,2024-11-15,Dattes Deglet Nour 1kg,Dates,Bizerte,Retail,2,14.0,0.0,28.0,11.0
1856,2024-11-09,Huile d'Olive Extra Vierge 5L,Olive Oil,Gabes,Retail,3,132.0,5.0,376.2,100.2
1443,2024-08-04,Couscous Complet 1kg,Grains,Sousse,Online,2,7.2,5.0,13.68,5.48
1232,2024-06-07,Huile d'Olive Extra Vierge 1L,Olive Oil,Gabes,Retail,12,28.5,0.0,342.0,114.0
2794,2025-05-23,Miel de Thym 250g,Honey,Sousse,Retail,6,32.0,0.0,192.0,72.0
3104,2025-07-24,Huile d'Olive Extra Vierge 5L,Olive Oil,Gabes,Online,2,132.0,10.0,237.6,53.6
2272,2025-01-26,Couscous Fin 1kg,Grains,Gabes,Wholesale,50,5.8,0.0,290.0,120.0
1499,2024-08-21,Harissa Traditionnelle 200g,Condiments,Gabes,Online,3,6.5,,19.5,9.9
3100,2025-07-24,Harissa 1kg (pro),Condiments,Bizerte,Retail,1,24.0,0.0,24.0,11.5
2274,2025-01-28,Huile d'Olive Extra Vierge 1L,Olive Oil,Tunis,Retail,2,28.5,0.0,57.0,19.0
1895,2024-11-17,Dattes Deglet Nour 5kg,Dates,Sousse,Online,4,62.0,0.0,248.0,92.0
3322,2025-09-08,Miel de Thym 250g,Honey,Tunis,Wholesale,12,32.0,10.0,345.6,105.6
1131,2024-05-03,Huile d'Olive Extra Vierge 5L,Olive Oil,Bizerte,Wholesale,5,132.0,15.0,561.0,101.0
2393,2025-02-24,Huile d'Olive Extra Vierge 5L,Olive Oil,Tunis,Retail,12,132.0,10.0,1425.6,321.6
3095,2025-07-22,Dattes Deglet Nour 5kg,Dates,Sfax,Retail,3,62.0,5.0,176.7,59.7
1799,2024-10-30,Harissa 1kg (pro),Condiments,Bizerte,Retail,1,24.0,0.0,24.0,11.5
2733,2025-05-07,Couscous Complet 1kg,Grains,Tunis,Retail,3,7.2,5.0,20.52,8.22
1063,2024-04-16,Dattes Deglet Nour 5kg,Dates,Tunis,Online,2,62.0,0.0,124.0,46.0
3270,2025-08-26,Couscous Complet 1kg,Grains,Gabes,Wholesale,18,7.2,0.0,129.6,55.8
2064,2024-12-18,Couscous Fin 1kg,Grains,Bizerte,Wholesale,9,5.8,0.0,52.2,21.6
2560,2025-03-28,Couscous Complet 1kg,Grains,sousse,Retail,1,7.2,5.0,6.84,2.74
1839,2024-11-06,Miel de Thym 250g,Honey,Sfax,Retail,2,32.0,0.0,64.0,24.0
3068,2025-07-15,Harissa Traditionnelle 200g,Condiments,Bizerte,Retail,2,6.5,0.0,13.0,6.6
3248,2025-08-22,Dattes Deglet Nour 1kg,Dates,Tunis,Wholesale,10,14.0,0.0,140.0,55.0
2917,2025-06-16,Harissa 1kg (pro),Condiments,Bizerte,Online,3,24.0,0.0,72.0,34.5
2059,2024-12-18,Huile d'Olive Extra Vierge 1L,Olive Oil,Sousse,Retail,1,28.5,10.0,25.65,6.65
1083,2024-04-23,Harissa Traditionnelle 200g,Condiments,Sousse,Retail,3,6.5,5.0,18.52,8.92
2177,2025-01-06,Bsissa Traditionnelle 500g,Grains,Sousse,Retail,12,9.5,0.0,114.0,54.0
1210,2024-05-31,Dattes Deglet Nour 1kg,Dates,Tunis,Wholesale,3,14.0,5.0,39.9,14.4
2938,2025-06-20,Miel de Thym 250g,Honey,Tunis,Wholesale,30,32.0,0.0,960.0,360.0
2096,2024-12-23,Huile d'Olive Extra Vierge 1L,Olive Oil,Bizerte,Retail,4,28.5,0.0,114.0,38.0
1555,2024-09-07,Huile d'Olive Extra Vierge 1L,Olive Oil,Sousse,Wholesale,8,28.5,10.0,205.2,53.2
1114,2024-04-28,Couscous Complet 1kg,Grains,Sfax,Online,2,7.2,0.0,14.4,6.2
1533,2024-08-31,Couscous Complet 1kg,Grains,Tunis,Wholesale,48,7.2,0.0,345.6,148.8
1540,2024-09-03,Huile d'Olive Extra Vierge 1L,Olive Oil,Gabes,Wholesale,5,28.5,10.0,128.25,33.25
2904,2025-06-13,Harissa Traditionnelle 200g,Condiments,Gabes,Online,1,6.5,10.0,5.85,2.65
1080,2024-04-21,Miel de Thym 250g,Honey,Sfax,Retail,3,32.0,0.0,96.0,36.0
1861,2024-11-10,Harissa Traditionnelle 200g,Condiments,Tunis,Wholesale,24,6.5,0.0,156.0,79.2
2392,2025-02-24,Harissa Traditionnelle 200g,Condiments,Gabes,Retail,12,6.5,0.0,78.0,39.6
2488,2025-03-16,Harissa Traditionnelle 200g,Condiments,Bizerte,Online,10,6.5,0.0,65.0,33.0
1523,2024-08-27,Couscous Complet 1kg,Grains,Gabes,Retail,1,7.2,0.0,7.2,3.1
2366,2025-02-19,Huile d'Olive Extra Vierge 5L,Olive Oil,Tunis,Retail,20,132.0,5.0,2508.0,668.0
2023,2024-12-11,Harissa 1kg (pro),Condiments,Tunis,Wholesale,18,24.0,0.0,432.0,207.0
2567,31/03/2025,Dattes Deglet Nour 5kg,Dates,Bizerte,Retail,2,62.0,,117.8,39.8
3025,2025-07-07,Bsissa Traditionnelle 500g,Grains,Sousse,Online,20,9.5,0.0,190.0,90.0
1125,2024-05-01,Dattes Deglet Nour 1kg,Dates,Bizerte,Retail,3,14.0,0.0,42.0,16.5
1860,2024-11-10,Dattes Deglet Nour 1kg,Dates,Tunis,Retail,6,14.0,5.0,79.8,28.8
1224,2024-06-05,Harissa 1kg (pro),Condiments,Sfax,Retail,6,24.0,0.0,144.0,69.0
2126,2024-12-29,Miel de Thym 250g,Honey,Gabes,Wholesale,6,32.0,0.0,192.0,72.0
1966,2024-12-01,Dattes Deglet Nour 5kg,Dates,Tunis,Online,13,62.0,5.0,765.7,258.7
2570,2025-04-01,Harissa Traditionnelle 200g,Condiments,Gabes,Online,3,6.5,0.0,19.5,9.9
3296,2025-09-02,Dattes Deglet Nour 5kg,Dates,Bizerte,Retail,6,62.0,0.0,372.0,138.0
1150,2024-05-08,Couscous Complet 1kg,Grains,Tunis,Wholesale,6,7.2,10.0,38.88,14.28
2332,2025-02-12,Miel de Thym 250g,Honey,Tunis,Wholesale,3,32.0,0.0,96.0,36.0
2865,2025-06-03,Bsissa Traditionnelle 500g,Grains,Monastir,Online,1,9.5,5.0,9.03,4.03
1881,2024-11-14,Dattes Deglet Nour 5kg,Dates,Sfax,Retail,2,62.0,0.0,124.0,46.0
1269,2024-06-16,Dattes Deglet Nour 1kg,Dates,Tunis,Retail,20,14.0,0.0,280.0,110.0
3410,2025-09-21,Couscous Complet 1kg,Grains,Gabes,Retail,2,7.2,0.0,14.4,6.2
1675,2024-10-06,Huile d'Olive Extra Vierge 5L,Olive Oil,Monastir,Wholesale,48,132.0,10.0,5702.4,1286.4
2561,2025-03-28,Bsissa Traditionnelle 500g,Grains,Monastir,Retail,1,9.5,0.0,9.5,4.5
1329,2024-07-03,Couscous Fin 1kg,Grains,Tunis,Wholesale,50,5.8,0.0,290.0,120.0
3032,2025-07-07,Miel de Thym 250g,Honey,Sousse,Retail,6,32.0,0.0,192.0,72.0
1228,2024-06-06,Couscous Complet 1kg,Grains,Tunis,Retail,3,7.2,0.0,21.6,9.3
1618,2024-09-25,Harissa 1kg (pro),Condiments,Monastir,Wholesale,8,24.0,0.0,192.0,92.0
1405,2024-07-23,Harissa Traditionnelle 200g,Condiments,Sousse,Wholesale,4,6.5,0.0,26.0,13.2
3291,2025-08-31,Dattes Deglet Nour 1kg,Dates,Sousse,Retail,3,14.0,5.0,39.9,14.4
1123,2024-04-30,Miel de Thym 250g,Honey,Sfax,Wholesale,6,32.0,0.0,192.0,72.0
1944,2024-11-28,Harissa 1kg (pro),Condiments,Sfax,Wholesale,3,24.0,10.0,64.8,27.3
2881,2025-06-06,Couscous Fin 1kg,Grains,Tunis,Wholesale,8,5.8,0.0,46.4,19.2
2420,2025-03-02,Dattes Deglet Nour 5kg,Dates,Sfax,Wholesale,12,62.0,0.0,744.0,276.0
2032,2024-12-14,Harissa 1kg (pro),Condiments,Tunis,Online,2,24.0,5.0,45.6,20.6
1439,2024-08-03,Couscous Complet 1kg,Grains,Sfax,Retail,10,7.2,5.0,68.4,27.4
1165,2024-05-16,Couscous Fin 1kg,Grains,monastir,Wholesale,16,5.8,0.0,92.8,38.4
1211,2024-06-01,Bsissa Traditionnelle 500g,Grains,Sfax,Retail,12,9.5,0.0,114.0,54.0
2496,2025-03-17,Huile d'Olive Extra Vierge 5L,Olive Oil,Tunis,Retail,1,132.0,10.0,118.8,26.8
2711,30/04/2025,Miel de Thym 250g,Honey,Tunis,Online,6,32.0,10.0,172.8,52.8
3113,2025-07-25,Huile d'Olive Extra Vierge 1L,Olive Oil,Sousse,Retail,10,28.5,10.0,256.5,66.5
2706,2025-04-29,Miel de Thym 250g,Honey,,Online,2,32.0,5.0,60.8,20.8
3327,2025-09-09,Dattes Deglet Nour 5kg,Dates,Sfax,Retail,4,62.0,0.0,248.0,92.0
1121,2024-04-29,Dattes Deglet Nour 1kg,Dates,Tunis,Wholesale,5,14.0,0.0,70.0,27.5
2174,2025-01-05,Couscous Fin 1kg,Grains,Monastir,Wholesale,5,5.8,5.0,27.55,10.55
2041,2024-12-15,Huile d'Olive Extra Vierge 1L,Olive Oil,Gabes,Wholesale,6,28.5,15.0,145.35,31.35
2405,2025-02-26,Miel de Thym 250g,Honey,Gabes,Retail,1,32.0,0.0,32.0,12.0
2537,2025-03-23,Couscous Fin 1kg,Grains,Sfax,Wholesale,12,5.8,5.0,66.12,25.32
3064,2025-07-15,Bsissa Traditionnelle 500g,Grains,Tunis,Online,1,9.5,0.0,9.5,4.5
2207,2025-01-12,Miel de Thym 250g,Honey,Gabes,Retail,2,32.0,0.0,64.0,24.0
1963,01/12/2024,Harissa Traditionnelle 200g,Condiments,Tunis,Wholesale,30,6.5,0.0,195.0,99.0
1115,2024-04-28,Harissa 1kg (pro),Condiments,Sfax,Retail,1,24.0,0.0,24.0,11.5
1825,2024-11-03,Dattes Deglet Nour 1kg,Dates,Bizerte,Wholesale,17,14.0,0.0,238.0,93.5
1978,2024-12-03,Bsissa Traditionnelle 500g,Grains,Tunis,Retail,6,9.5,0.0,57.0,27.0
3159,2025-08-04,Bsissa Traditionnelle 500g,Grains,Sousse,Retail,1,9.5,0.0,9.5,4.5
3085,2025-07-21,Bsissa Traditionnelle 500g,Grains,Monastir,Retail,3,9.5,0.0,28.5,13.5
3211,2025-08-15,Couscous Fin 1kg,Grains,Gabes,Retail,2,5.8,0.0,11.6,4.8
2980,2025-06-29,Bsissa Traditionnelle 500g,Grains,Bizerte,Retail,4,9.5,0.0,38.0,18.0
3372,2025-09-16,Couscous Complet 1kg,Grains,Monastir,Retail,12,7.2,5.0,82.08,32.88
1428,2024-07-31,Huile d'Olive Extra Vierge 5L,Olive Oil,Monastir,Retail,4,132.0,0.0,528.0,160.0
1053,2024-04-14,Harissa Traditionnelle 200g,Condiments,Sfax,Wholesale,10,6.5,10.0,58.5,26.5
2669,2025-04-21,Harissa 1kg (pro),Condiments,Tunis,Wholesale,10,24.0,0.0,240.0,115.0
2233,2025-01-17,Huile d'Olive Extra Vierge 5L,Olive Oil,Tunis,Wholesale,3,132.0,5.0,376.2,100.2
3292,2025-09-01,Harissa Traditionnelle 200g,Condiments,Sfax,Online,2,6.5,0.0,13.0,6.6
2243,2025-01-19,Miel de Thym 250g,Honey,Sfax,Wholesale,10,32.0,0.0,320.0,120.0
2370,2025-02-20,Harissa Traditionnelle 200g,Condiments,Bizerte,Retail,3,6.5,0.0,19.5,9.9
1888,2024-11-16,Couscous Complet 1kg,Grains,Bizerte,Online,2,7.2,10.0,12.96,4.76
1929,2024-11-23,Dattes Deglet Nour 5kg,Dates,Sfax,Retail,4,62.0,5.0,235.6,79.6
2133,2024-12-29,Bsissa Traditionnelle 500g,Grains,Tunis,Wholesale,15,9.5,0.0,142.5,67.5
1761,2024-10-25,Couscous Fin 1kg,Grains,Sfax,Wholesale,10,5.8,0.0,58.0,24.0
3119,2025-07-26,Couscous Complet 1kg,Grains,Gabes,Wholesale,15,7.2,0.0,108.0,46.5
2463,2025-03-10,Huile d'Olive Extra Vierge 1L,Olive Oil,Tunis,Retail,20,28.5,0.0,570.0,190.0
2925,2025-06-18,Harissa 1kg (pro),Condiments,Tunis,Retail,1,24.0,0.0,24.0,11.5
3193,2025-08-10,Miel de Thym 250g,Honey,Sfax,Retail,3,32.0,0.0,96.0,36.0
1697,2024-10-10,Couscous Fin 1kg,Grains,Sfax,Retail,3,5.8,,17.4,7.2
1842,2024-11-06,Harissa 1kg (pro),Condiments,Tunis,Retail,2,24.0,0.0,48.0,23.0
1690,2024-10-09,Dattes Deglet Nour 5kg,Dates,Tunis,Wholesale,110,62.0,0.0,6820.0,2530.0
2263,2025-01-24,Huile d'Olive Extra Vierge 5L,Olive Oil,Tunis,Online,20,132.0,0.0,2640.0,800.0
3179,2025-08-08,Dattes Deglet Nour 1kg,Dates,Sfax,Retail,1,14.0,0.0,14.0,5.5
2829,2025-05-28,Huile d'Olive Extra Vierge 1L,Olive Oil, Monastir ,Retail,3,28.5,,85.5,28.5
2797,2025-05-23,Dattes Deglet Nour 5kg,Dates,Bizerte,Retail,1,62.0,0.0,62.0,23.0
1338,2024-07-05,Couscous Fin 1kg,Grains,Sousse,Retail,1,5.8,0.0,5.8,2.4
2650,2025-04-16,Harissa Traditionnelle 200g,Condiments,Sousse,Wholesale,9,6.5,0.0,58.5,29.7
2132,2024-12-29,Huile d'Olive Extra Vierge 5L,Olive Oil,Bizerte,Retail,1,132.0,5.0,125.4,33.4
1874,2024-11-12,Huile d'Olive Extra Vierge 1L,Olive Oil,Tunis,Online,1,28.5,10.0,25.65,6.65
1455,2024-08-07,Huile d'Olive Extra Vierge 5L,Olive Oil,Tunis,Online,1,132.0,10.0,118.8,26.8
1701,2024-10-11,Miel de Thym 250g,Honey,Sousse,Wholesale,100,32.0,5.0,3040.0,1040.0
1912,2024-11-20,Dattes Deglet Nour 1kg,Dates,Sfax,Retail,2,14.0,5.0,26.6,9.6
2115,2024-12-26,Couscous Complet 1kg,Grains,sfax,Wholesale,100,7.2,0.0,720.0,310.0
1085,2024-04-23,Dattes Deglet Nour 1kg,Dates,Bizerte,Wholesale,3,14.0,0.0,42.0,16.5
3404,2025-09-20,Dattes Deglet Nour 5kg,Dates,Monastir,Online,3,62.0,,176.7,59.7
3330,2025-09-09,Harissa 1kg (pro),Condiments,Sousse,Retail,6,24.0,0.0,144.0,69.0
1723,2024-10-15,Dattes Deglet Nour 5kg,Dates,Tunis,Retail,6,62.0,0.0,372.0,138.0
2720,2025-05-03,Miel de Thym 250g,Honey,Sfax,Online,1,32.0,0.0,32.0,12.0
1495,2024-08-20,Huile d'Olive Extra Vierge 5L,Olive Oil,Monastir,Wholesale,10,132.0,0.0,1320.0,400.0
2828,2025-05-28,Huile d'Olive Extra Vierge 1L,Olive Oil,Tunis,Online,6,28.5,10.0,153.9,39.9
1772,2024-10-27,Dattes Deglet Nour 1kg,Dates, Sfax ,Wholesale,105,14.0,0.0,1470.0,577.5
2024,2024-12-11,Bsissa Traditionnelle 500g,Grains,Sfax,Retail,2,9.5,0.0,19.0,9.0
3336,2025-09-10,Harissa Traditionnelle 200g,Condiments, Sfax ,Online,3,6.5,0.0,19.5,9.9
1264,2024-06-15,Huile d'Olive Extra Vierge 5L,Olive Oil,Bizerte,Online,10,132.0,15.0,1122.0,202.0
2674,2025-04-23,Harissa Traditionnelle 200g,Condiments,Tunis,Online,4,6.5,5.0,24.7,11.9
2771,2025-05-18,Harissa 1kg (pro),Condiments,Bizerte,Wholesale,5,24.0,0.0,120.0,57.5
1468,2024-08-10,Dattes Deglet Nour 1kg,Dates,Gabes,Wholesale,48,14.0,5.0,638.4,230.4
2905,2025-06-13,Harissa 1kg (pro),Condiments,Bizerte,Online,3,24.0,0.0,72.0,34.5
3115,2025-07-26,Harissa Traditionnelle 200g,Condiments,Sfax,Online,1,6.5,5.0,6.17,2.97
1529,2024-08-29,Huile d'Olive Extra Vierge 5L,Olive Oil,Sfax,Retail,1,132.0,5.0,125.4,33.4
3332,2025-09-10,Dattes Deglet Nour 1kg,Dates,Tunis,Wholesale,4,14.0,0.0,56.0,22.0
2641,2025-04-13,Harissa 1kg (pro),Condiments,Tunis,Online,10,24.0,0.0,240.0,115.0
1516,2024-08-24,Couscous Complet 1kg,Grains,Gabes,Online,12,7.2,0.0,86.4,37.2
1379,17/07/2024,Harissa Traditionnelle 200g,Condiments,Sousse,Retail,6,6.5,0.0,39.0,19.8
2264,2025-01-24,Harissa 1kg (pro),Condiments,Tunis,Retail,6,24.0,0.0,144.0,69.0
1752,2024-10-23,Couscous Fin 1kg,Grains,Bizerte,Online,2,5.8,0.0,11.6,4.8
2247,2025-01-20,Couscous Complet 1kg,Grains,Tunis,Wholesale,60,7.2,0.0,432.0,186.0
3098,2025-07-23,Huile d'Olive Extra Vierge 5L,Olive Oil,Sousse,Retail,2,132.0,20.0,211.2,27.2
1692,2024-10-09,Harissa Traditionnelle 200g,Condiments,Tunis,Wholesale,10,6.5,5.0,61.75,29.75
2789,2025-05-22,Couscous Complet 1kg,Grains,Bizerte,Retail,3,7.2,5.0,20.52,8.22
2900,2025-06-12,Dattes Deglet Nour 5kg,Dates,Tunis,Retail,3,62.0,5.0,176.7,59.7
1245,2024-06-10,Dattes Deglet Nour 5kg,Dates,Gabes,Retail,1,62.0,5.0,58.9,19.9
1385,2024-07-18,Couscous Complet 1kg,Grains,Gabes,Retail,1,7.2,5.0,6.84,2.74
2942,2025-06-21,Huile d'Olive Extra Vierge 1L,Olive Oil,Bizerte,Online,2,28.5,0.0,57.0,19.0
2034,2024-12-14,Dattes Deglet Nour 1kg,Dates,Sfax,Wholesale,13,14.0,0.0,182.0,71.5
2606,2025-04-06,Huile d'Olive Extra Vierge 1L,Olive Oil,Sousse,Wholesale,10,28.5,20.0,228.0,38.0
3116,2025-07-26,Couscous Complet 1kg,Grains,Tunis,Retail,10,7.2,5.0,68.4,27.4
2409,2025-02-27,Harissa 1kg (pro),Condiments,Tunis,Wholesale,9999,24.0,5.0,114.0,51.5
2191,2025-01-08,Harissa 1kg (pro),Condiments,Tunis,Wholesale,40,24.0,10.0,864.0,364.0
2440,2025-03-06,Huile d'Olive Extra Vierge 1L,Olive Oil,Tunis,Wholesale,3,28.5,15.0,72.67,15.67
1779,2024-10-27,Huile d'Olive Extra Vierge 5L,Olive Oil,Sfax,Retail,3,132.0,0.0,396.0,120.0
3212,2025-08-15,Huile d'Olive Extra Vierge 5L,Olive Oil,,Wholesale,5,132.0,0.0,660.0,200.0
1071,2024-04-18,Miel de Thym 250g,Honey,Tunis,Retail,1,32.0,0.0,32.0,12.0
1052,2024-04-14,Huile d'Olive Extra Vierge 5L,Olive Oil,Tunis,Retail,2,132.0,5.0,250.8,66.8
2452,2025-03-08,Couscous Fin 1kg,Grains,Sousse,Retail,3,5.8,0.0,17.4,7.2
2723,2025-05-04,Huile d'Olive Extra Vierge 5L,Olive Oil,Sousse,Retail,10,132.0,0.0,1320.0,400.0
1589,2024-09-17,Couscous Fin 1kg,Grains,Bizerte,Retail,2,5.8,0.0,11.6,4.8
1007,2024-04-02,Dattes Deglet Nour 5kg,Dates,Tunis,Wholesale,6,62.0,5.0,353.4,119.4
1670,2024-10-05,Miel de Thym 250g,Honey,Sfax,Retail,1,32.0,0.0,32.0,12.0
2495,2025-03-17,Harissa 1kg (pro),Condiments,Tunis,Wholesale,20,24.0,0.0,480.0,230.0
2237,2025-01-17,Bsissa Traditionnelle 500g,Grains,Tunis,Wholesale,4,9.5,0.0,38.0,18.0
2192,2025-01-08,Huile d'Olive Extra Vierge 5L,Olive Oil,Tunis,Retail,1,132.0,20.0,105.6,13.6
1196,2024-05-27,Bsissa Traditionnelle 500g,Grains,Sfax,Wholesale,3,9.5,0.0,28.5,13.5
2783,2025-05-21,Dattes Deglet Nour 5kg,Dates,Sfax,Online,4,62.0,0.0,248.0,92.0
2212,2025-01-13,Huile d'Olive Extra Vierge 1L,Olive Oil,sfax,Wholesale,5,28.5,10.0,128.25,33.25
1925,2024-11-23,Huile d'Olive Extra Vierge 1L,Olive Oil,Bizerte,Retail,2,28.5,10.0,51.3,13.3
1436,2024-08-02,Couscous Fin 1kg,Grains,Sfax,Online,20,5.8,0.0,116.0,48.0
2918,2025-06-16,Miel de Thym 250g,Honey,Bizerte,Retail,1,32.0,0.0,32.0,12.0
2854,2025-06-02,Huile d'Olive Extra Vierge 5L,Olive Oil,Sousse,Online,2,132.0,5.0,250.8,66.8
1322,2024-06-30,Miel de Thym 250g,Honey,Gabes,Wholesale,100,32.0,0.0,3200.0,1200.0
3077,2025-07-18,Dattes Deglet Nour 5kg,Dates,Sousse,Retail,12,62.0,0.0,744.0,276.0
1715,2024-10-14,Harissa 1kg (pro),Condiments,Monastir,Retail,20,24.0,5.0,456.0,206.0
3175,2025-08-07,Harissa 1kg (pro),Condiments,,Online,12,24.0,10.0,259.2,109.2
1230,2024-06-07,Harissa 1kg (pro),Condiments,Bizerte,Wholesale,8,24.0,0.0,192.0,92.0
1492,2024-08-18,Couscous Fin 1kg,Grains,Tunis,Wholesale,50,5.8,0.0,290.0,120.0
2553,2025-03-26,Miel de Thym 250g,Honey,Sfax,Retail,3,32.0,0.0,96.0,36.0
3247,2025-08-22,Dattes Deglet Nour 1kg,Dates,Sousse,Retail,3,14.0,0.0,42.0,16.5
3012,2025-07-05,Dattes Deglet Nour 5kg,Dates,Sfax,Online,1,62.0,0.0,62.0,23.0
3431,2025-09-26,Huile d'Olive Extra Vierge 5L,Olive Oil,Sousse,Online,2,132.0,15.0,224.4,40.4
1816,02/11/2024,Harissa Traditionnelle 200g,Condiments,Gabes,Retail,4,6.5,5.0,24.7,11.9
1216,2024-06-03,Harissa Traditionnelle 200g,Condiments,Sousse,Retail,2,6.5,0.0,13.0,6.6
1571,2024-09-12,Couscous Complet 1kg,Grains,Tunis,Wholesale,4,7.2,0.0,28.8,12.4
3441,2025-09-27,Harissa 1kg (pro),Condiments,Sfax,Retail,2,24.0,0.0,48.0,23.0
1666,2024-10-04,Couscous Fin 1kg,Grains,Tunis,Wholesale,5,5.8,0.0,29.0,12.0
2521,2025-03-21,Huile d'Olive Extra Vierge 5L,Olive Oil,Gabes,Wholesale,15,132.0,10.0,1782.0,402.0
2990,2025-07-02,Couscous Complet 1kg,Grains,Sfax,Wholesale,12,7.2,0.0,86.4,37.2
2039,2024-12-15,Couscous Complet 1kg,Grains,Gabes,Retail,2,7.2,0.0,14.4,6.2
2834,29/05/2025,Dattes Deglet Nour 5kg,Dates,Tunis,Retail,2,62.0,0.0,124.0,46.0
2657,18/04/2025,Harissa Traditionnelle 200g,Condiments,Sousse,Wholesale,3,6.5,0.0,19.5,9.9
2012,2024-12-10,Huile d'Olive Extra Vierge 1L,Olive Oil,Sousse,Retail,1,28.5,5.0,27.07,8.07
2136,2024-12-30,Dattes Deglet Nour 5kg,Dates,Tunis,Retail,4,62.0,0.0,248.0,92.0
3428,2025-09-26,Couscous Fin 1kg,Grains,Sousse,Retail,2,5.8,0.0,11.6,4.8
1661,2024-10-03,Dattes Deglet Nour 5kg,Dates,Tunis,Retail,6,62.0,0.0,372.0,138.0
2256,2025-01-22,Harissa 1kg (pro),Condiments,Tunis,Retail,4,24.0,0.0,96.0,46.0
1530,2024-08-30,Harissa 1kg (pro),Condiments,Monastir,Retail,20,24.0,10.0,432.0,182.0
3294,2025-09-01,Harissa 1kg (pro),Condiments,Sfax,Wholesale,6,24.0,0.0,144.0,69.0
1015,2024-04-05,Huile d'Olive Extra Vierge 1L,Olive Oil,Tunis,Wholesale,6,28.5,5.0,162.45,48.45
2239,2025-01-18,Huile d'Olive Extra Vierge 5L,Olive Oil,Tunis,Retail,2,132.0,20.0,211.2,27.2
1307,2024-06-27,Harissa Traditionnelle 200g,Condiments,Tunis,Retail,2,6.5,5.0,12.35,5.95
1235,2024-06-08,Couscous Complet 1kg,Grains,Tunis,Online,1,7.2,5.0,6.84,2.74
2151,2024-12-31,Huile d'Olive Extra Vierge 5L,Olive Oil,Sfax,Retail,10,132.0,15.0,1122.0,202.0
2832,2025-05-28,Huile d'Olive Extra Vierge 1L,Olive Oil,Tunis,Retail,12,28.5,5.0,324.9,96.9
3126,2025-07-27,Harissa Traditionnelle 200g,Condiments,Gabes,Retail,4,6.5,0.0,26.0,13.2
1928,2024-11-23,Harissa 1kg (pro),Condiments,Tunis,Wholesale,3,24.0,0.0,72.0,34.5
1563,2024-09-09,Miel de Thym 250g,Honey,Gabes,Wholesale,8,32.0,0.0,256.0,96.0
3449,2025-09-29,Harissa Traditionnelle 200g,Condiments,Gabes,RETAIL,4,6.5,0.0,26.0,13.2
1124,2024-04-30,Huile d'Olive Extra Vierge 1L,Olive Oil,Sfax,Retail,4,28.5,0.0,114.0,38.0
1609,2024-09-20,Couscous Fin 1kg,Grains,Sousse,Retail,3,5.8,0.0,17.4,7.2
2869,2025-06-04,Couscous Fin 1kg,Grains,Tunis,Wholesale,5,5.8,0.0,29.0,12.0
1570,2024-09-11,Couscous Complet 1kg,Grains,Sousse,Retail,10,7.2,0.0,72.0,31.0
3213,2025-08-15,Couscous Fin 1kg,Grains,Sfax,Retail,1,5.8,0.0,5.8,2.4
1789,2024-10-29,Miel de Thym 250g,Honey,,Retail,2,32.0,0.0,64.0,24.0
3236,2025-08-18,Dattes Deglet Nour 1kg,Dates,Monastir,Online,2,14.0,0.0,28.0,11.0
1712,2024-10-13,Harissa Traditionnelle 200g,Condiments,Sousse,Wholesale,24,6.5,0.0,156.0,79.2
3040,2025-07-09,Harissa 1kg (pro),Condiments,Sfax,Retail,20,24.0,10.0,432.0,182.0
3283,2025-08-30,Huile d'Olive Extra Vierge 5L,Olive Oil,Sfax,Retail,2,132.0,0.0,264.0,80.0
1639,2024-09-29,Miel de Thym 250g,Honey,Tunis,Wholesale,4,32.0,0.0,128.0,48.0
1197,2024-05-27,Couscous Complet 1kg,Grains,Gabes,Retail,2,7.2,0.0,14.4,6.2
2401,2025-02-26,Bsissa Traditionnelle 500g,Grains,Monastir,Retail,2,9.5,0.0,19.0,9.0
3144,2025-08-01,Dattes Deglet Nour 5kg,Dates,Monastir,Wholesale,12,62.0,0.0,744.0,276.0
2410,2025-02-27,Miel de Thym 250g,Honey,Tunis,Wholesale,12,32.0,0.0,384.0,144.0
3300,2025-09-03,Harissa Traditionnelle 200g,Condiments,Tunis,Online,3,6.5,0.0,19.5,9.9
2169,2025-01-05,Couscous Fin 1kg,Grains,Gabes,Wholesale,20,5.8,0.0,116.0,48.0
2134,2024-12-29,Dattes Deglet Nour 1kg,Dates,Monastir,Retail,4,14.0,0.0,56.0,22.0
1946,2024-11-28,Harissa 1kg (pro),Condiments,Gabes,Retail,4,24.0,0.0,96.0,46.0
2427,2025-03-03,Dattes Deglet Nour 1kg,Dates,Sousse,Retail,1,14.0,5.0,13.3,4.8
2030,2024-12-13,Couscous Fin 1kg,Grains,Sousse,Wholesale,4,5.8,0.0,23.2,9.6
2506,2025-03-18,Huile d'Ol ive Extra Vierge 1L,Olive Oil,Gabes,Retail,2,28.5,0.0,57.0,19.0
3088,2025-07-21,Couscous Fin 1kg,Grains,Gabes,Online,1,5.8,0.0,5.8,2.4
2326,2025-02-10,Miel de Thym 250g,Honey,Sfax,Retail,4,32.0,5.0,121.6,41.6
2170,2025-01-05,Bsissa Traditionnelle 500g,Grains,Sousse,Retail,3,9.5,5.0,27.07,12.07
2835,2025-05-29,Huile d'Olive Extra Vierge 5L,Olive Oil,Gabes,Wholesale,12,132.0,5.0,1504.8,400.8
2442,2025-03-06,Miel de Thym 250g,Honey,Sousse,Online,1,32.0,0.0,32.0,12.0
1413,2024-07-26,Dattes Deglet Nour 5kg,Dates,Tunis,Wholesale,24,62.0,0.0,1488.0,552.0
1500,2024-08-21,Couscous Complet 1kg,Grains,Sousse,Retail,1,7.2,0.0,7.2,3.1
2215,2025-01-13,Dattes Deglet Nour 5kg,Dates,Sfax,Retail,2,62.0,0.0,124.0,46.0
3288,2025-08-30,Miel de Thym 250g,Honey,Sfax,Retail,2,32.0,0.0,64.0,24.0
1358,2024-07-11,Huile d'Olive Extra Vierge 1L,Olive Oil,Monastir,Wholesale,15,28.5,15.0,363.38,78.38
2863,2025-06-03,Dattes Deglet Nour 5kg,Dates,Sousse,Wholesale,15,62.0,0.0,930.0,345.0
1160,2024-05-14,Dattes Deglet Nour 5kg,Dates,Tunis,Online,10,62.0,5.0,589.0,199.0
2729,2025-05-06,Couscous Fin 1kg,Grains,Sousse,Wholesale,5,5.8,0.0,29.0,12.0
1502,2024-08-21,Miel de Thym 250g,Honey,Sfax,Wholesale,15,32.0,0.0,480.0,180.0
1103,2024-04-27,Miel de Thym 250g,Honey,Sfax,Retail,1,32.0,5.0,30.4,10.4
1023,2024-04-07,Huile d'Olive Extra Vierge 5L,Olive Oil,Sfax,Wholesale,5,132.0,5.0,627.0,167.0
2382,2025-02-22,Dattes Deglet Nour 1kg,Dates,Tunis,Retail,2,14.0,0.0,28.0,11.0
1181,2024-05-23,Bsissa Traditionnelle 500g,Grains,Tunis,Online,12,9.5,5.0,108.3,48.3
1780,2024-10-27,Harissa Traditionnelle 200g,Condiments,Sfax,Wholesale,5,6.5,0.0,32.5,16.5
2447,2025-03-07,Dattes Deglet Nour 1kg,Dates,Sfax,Wholesale,20,14.0,5.0,266.0,96.0
2044,2024-12-16,Couscous Fin 1kg,Grains,Gabes,Wholesale,5,5.8,0.0,29.0,12.0
3129,2025-07-29,Couscous Fin 1kg,Grains,Monastir,Retail,3,5.8,5.0,16.53,6.33
1184,2024-05-24,Dattes Deglet Nour 1kg,Dates,Bizerte,Retail,1,14.0,0.0,14.0,5.5
1067,2024-04-17,Huile d'Olive Extra Vierge 1L,Olive Oil,Bizerte,Retail,2,28.5,5.0,54.15,16.15
2285,2025-01-30,Dattes Deglet Nour 5kg,Dates,Sfax,Online,6,62.0,5.0,353.4,119.4
2472,2025-03-12,Huile d'Olive Extra Vierge 5L,Olive Oil,Sfax,Retail,2,132.0,0.0,264.0,80.0
1363,2024-07-13,Bsissa Traditionnelle 500g,Grains,Sfax,Retail,3,9.5,0.0,28.5,13.5
1644,2024-09-30,Couscous Complet 1kg,Grains,Gabes,Wholesale,12,7.2,10.0,77.76,28.56
1754,2024-10-23,Couscous Complet 1kg,Grains,Tunis,Retail,3,7.2,0.0,21.6,9.3
2218,13/01/2025,Dattes Deglet Nour 1kg,Dates,Sfax,Wholesale,80,14.0,5.0,1064.0,384.0
2609,2025-04-07,Huile d'Olive Extra Vierge 5L,Olive Oil,Gabes,Wholesale,9,132.0,10.0,1069.2,241.2
1580,2024-09-14,Huile d'Olive Extra Vierge 1L,Olive Oil,sfax,Wholesale,5,28.5,5.0,135.38,40.38
2222,2025-01-14,Couscous Fin 1kg,Grains,Tunis,Retail,1,5.8,0.0,5.8,2.4
1835,2024-11-04,Miel de Thym 250g,Honey,Bizerte,Retail,2,32.0,5.0,60.8,20.8
2355,2025-02-18,Harissa 1kg (pro),Condiments,Gabes,Wholesale,6,24.0,0.0,144.0,69.0
1829,2024-11-04,Dattes Deglet Nour 1kg,Dates,Sfax,Wholesale,17,14.0,0.0,238.0,93.5
2175,2025-01-05,Dattes Deglet Nour 1kg,Dates,Sfax,Wholesale,15,14.0,5.0,199.5,72.0
1504,2024-08-22,Couscous Fin 1kg,Grains,gabes,Wholesale,3,5.8,5.0,16.53,6.33
2131,2024-12-29,Bsissa Traditionnelle 500g,Grains,Sousse,Retail,2,9.5,0.0,19.0,9.0
2864,2025-06-03,Harissa Traditionnelle 200g,Condiments,Bizerte,Retail,6,6.5,0.0,39.0,19.8
2268,2025-01-25,Dattes Deglet Nour 1kg,Dates,Tunis,Online,20,14.0,,266.0,96.0
2462,2025-03-10,Huile d'Olive Extra Vierge 1L,Olive Oil,Tunis,Retail,1,28.5,5.0,27.07,8.07
2042,2024-12-16,Harissa 1kg (pro),Condiments,Monastir,Wholesale,10,24.0,0.0,240.0,115.0
1776,2024-10-27,Harissa Traditionnelle 200g,Condiments,Sfax,Wholesale,4,6.5,10.0,23.4,10.6
2038,2024-12-15,Dattes Deglet Nour 5kg,Dates,Sfax,Online,8,62.0,5.0,471.2,159.2
2358,2025-02-18,Bsissa Traditionnelle 500g,Grains,Sousse,Retail,3,9.5,0.0,28.5,13.5
1596,2024-09-18,Harissa 1kg (pro),Condiments,Gabes,Wholesale,60,24.0,10.0,1296.0,546.0
1986,2024-12-04,Couscous Fin 1kg,Grains,Sousse,Retail,10,5.8,10.0,52.2,18.2
3053,2025-07-13,Dattes Deglet Nour 1kg,Dates,Sfax,Retail,2,14.0,0.0,28.0,11.0
1464,2024-08-10,Huile d'Olive Extra Vierge 1L,Olive Oil,Bizerte,Online,1,28.5,15.0,24.22,5.22
3190,2025-08-10,Huile d'Olive Extra Vierge 5L,Olive Oil,Sousse,Retail,3,132.0,15.0,336.6,60.6
1735,2024-10-19,Couscous Complet 1kg,Grains,Tunis,Wholesale,10,7.2,0.0,72.0,31.0
1314,2024-06-28,Bsissa Traditionnelle 500g,Grains,Monastir,Wholesale,3,9.5,0.0,28.5,13.5
2266,2025-01-25,Harissa 1kg (pro),Condiments,Sousse,Online,3,24.0,5.0,68.4,30.9
1056,2024-04-14,Huile d'Olive Extra Vierge 5L,Olive Oil,Tunis,Wholesale,50,132.0,0.0,6600.0,2000.0
1134,2024-05-04,Dattes Deglet Nour 1kg,Dates,Sfax,Retail,1,14.0,5.0,13.3,4.8
1291,2024-06-22,Harissa 1kg (pro),Condiments,Gabes,Online,1,24.0,0.0,24.0,11.5
2991,2025-07-02,Harissa Traditionnelle 200g,Condiments,Sfax,Online,1,6.5,5.0,6.17,2.97
3046,2025-07-11,Couscous Complet 1kg,Grains,Sousse,Wholesale,12,7.2,0.0,86.4,37.2
3411,2025-09-21,Couscous Fin 1kg,Grains,Sousse,Online,10,5.8,0.0,58.0,24.0
3006,2025-07-04,Miel de Thym 250g,Honey,Tunis,Retail,2,32.0,5.0,60.8,20.8
2122,2024-12-28,Couscous Fin 1kg,Grains, Bizerte ,Retail,1,5.8,5.0,5.51,2.11
3221,2025-08-16,Huile d'Olive Extra Vierge 1L,Olive Oil,Tunis,Wholesale,4,28.5,0.0,114.0,38.0
3109,2025-07-25,Harissa 1kg (pro),Condiments,Tunis,Retail,2,24.0,0.0,48.0,23.0
2347,2025-02-15,Bsissa Traditionnelle 500g,Grains,Monastir,Retail,1,9.5,0.0,9.5,4.5
2719,2025-05-03,Dattes Deglet Nour 1kg,Dates,Tunis,Retail,2,14.0,0.0,28.0,11.0
2501,2025-03-17,Dattes Deglet Nour 1kg,Dates,Sousse,Retail,2,14.0,0.0,28.0,11.0
1943,2024-11-28,Miel de Thym 250g,Honey,Sousse,ONLINE,2,32.0,0.0,64.0,24.0
1510,2024-08-23,Dattes Deglet Nour 5kg,Dates,Sousse,Retail,12,62.0,5.0,706.8,238.8
1480,2024-08-13,Couscous Fin 1kg,Grains,Gabes,Retail,2,5.8,0.0,11.6,4.8
1040,2024-04-11,Harissa Traditionnelle 200g,Condiments,Bizerte,Retail,1,6.5,5.0,6.17,2.97
2229,2025-01-16,Harissa Traditionnelle 200g,Condiments,Sousse,Retail,3,6.5,0.0,19.5,9.9
1195,2024-05-27,Huile d'Olive Extra Vierge 1L,Olive Oil,Bizerte,Wholesale,12,28.5,0.0,342.0,114.0
2871,04/06/2025,Bsissa Traditionnelle 500g,Grains,Bizerte,Online,3,9.5,0.0,28.5,13.5
3314,2025-09-07,Bsissa Traditionnelle 500g,Grains,Monastir,Retail,4,9.5,0.0,38.0,18.0
3087,2025-07-21,Dattes Deglet Nour 5kg,Dates,Gabes,Retail,3,62.0,0.0,186.0,69.0
1432,2024-08-02,Couscous Fin 1kg,Grains,Monastir,Retail,10,5.8,0.0,58.0,24.0
2632,2025-04-10,Couscous Complet 1kg,Grains,Gabes,Wholesale,100,7.2,0.0,720.0,310.0
2995,2025-07-03,Dattes Deglet Nour 5kg,Dates,Sousse,Retail,2,62.0,0.0,124.0,46.0
2515,2025-03-20,Harissa Traditionnelle 200g,Condiments,Gabes,Wholesale,20,6.5,5.0,123.5,59.5
3026,2025-07-07,Bsissa Traditionnelle 500g,Grains,Gabes,wholesale,8,9.5,0.0,76.0,36.0
1318,2024-06-28,Bsissa Traditionnelle 500g,Grains,Tunis,Retail,1,9.5,0.0,9.5,4.5
1958,2024-11-30,Harissa 1kg (pro),Condiments,Gabes,Retail,10,24.0,0.0,240.0,115.0
2235,2025-01-17,Couscous Fin 1kg,Grains,Tunis,Online,3,5.8,0.0,17.4,7.2
2866,2025-06-03,Dattes Deglet Nour 1kg,Dates,Gabes,Retail,6,14.0,0.0,84.0,33.0
2487,2025-03-16,Huile d'Olive Extra Vierge 5L,Olive Oil,Gabes,Retail,3,132.0,10.0,356.4,80.4
1088,2024-04-23,Bsissa Traditionnelle 500g,Grains,Sfax,Retail,3,9.5,0.0,28.5,13.5
3413,2025-09-22,Huile d'Olive Extra Vierge 5L,Olive Oil,Tunis,Retail,2,132.0,10.0,237.6,53.6
1177,2024-05-22,Couscous Fin 1kg,Grains,Gabes,Online,1,5.8,0.0,5.8,2.4
2971,2025-06-28,Dattes Deglet Nour 5kg,Dates,Tunis,Retail,6,62.0,0.0,372.0,138.0
2017,2024-12-10,Miel de Thym 250g,Honey,Bizerte,Online,1,32.0,0.0,32.0,12.0
3155,2025-08-03,Miel de Thym 250g,Honey,Sfax,Online,2,32.0,0.0,64.0,24.0
2172,2025-01-05,Dattes Deglet Nour 5kg,Dates,Monastir,Retail,20,62.0,0.0,1240.0,460.0
1149,2024-05-08,Couscous Fin 1kg,Grains,Sfax,Retail,2,5.8,0.0,11.6,4.8
2751,2025-05-13,Bsissa Traditionnelle 500g,Grains,Sousse,Online,2,9.5,5.0,18.05,8.05
2394,2025-02-24,Miel de Thym 250g,Honey,Tunis,Online,3,32.0,0.0,96.0,36.0
3092,2025-07-22,Harissa 1kg (pro),Condiments,Sfax,Retail,2,24.0,0.0,48.0,23.0
1126,2024-05-01,Huile d'Olive Extra Vierge 5L,Olive Oil,Sfax,Retail,6,132.0,15.0,673.2,121.2
1683,2024-10-08,Huile d'Olive Extra Vierge 1L,Olive Oil,Sfax,Wholesale,9,28.5,0.0,256.5,85.5
2721,2025-05-04,Huile d'Olive Extra Vierge 5L,Olive Oil,Sousse,Retail,3,132.0,0.0,396.0,120.0
2141,2024-12-30,Dattes Deglet Nour 5kg,Dates,Sousse,Retail,8,62.0,0.0,496.0,184.0
2371,2025-02-20,Huile d'Olive Extra Vierge 1L,Olive Oil,Monastir,Retail,1,28.5,10.0,25.65,6.65
2823,2025-05-27,Bsissa Traditionnelle 500g,Grains,Monastir,Online,1,9.5,0.0,9.5,4.5
3131,2025-07-29,Dattes Deglet Nour 5kg,Dates,Gabes,Online,1,62.0,0.0,62.0,23.0
2746,2025-05-10,Harissa 1kg (pro),Condiments,Sousse,Online,3,24.0,0.0,72.0,34.5
1027,2024-04-08,Miel de Thym 250g,Honey,Tunis,Online,1,32.0,0.0,32.0,12.0
3365,2025-09-15,Couscous Fin 1kg,Grains,Sfax,Retail,4,5.8,0.0,23.2,9.6
1599,2024-09-18,Dattes Deglet Nour 5kg,Dates,Sfax,Retail,6,62.0,0.0,372.0,138.0
2383,2025-02-23,Huile d'Olive Extra Vierge 5L,Olive Oil,Bizerte,Wholesale,9,132.0,10.0,1069.2,241.2
2510,2025-03-19,Harissa 1kg (pro),Condiments,Sousse,Retail,10,24.0,5.0,228.0,103.0
1079,2024-04-21,Couscous Fin 1kg,Grains,Sfax,Retail,1,5.8,0.0,5.8,2.4
1641,2024-09-30,Couscous Fin 1kg,Grains,Tunis,Retail,12,5.8,0.0,69.6,28.8
3130,2025-07-29,Dattes Deglet Nour 1kg,Dates,Sfax,Wholesale,4,14.0,0.0,56.0,22.0
1882,2024-11-14,Huile d'Olive Extra Vierge 1L,Olive Oil,Bizerte,Online,2,28.5,5.0,54.15,16.15
2367,2025-02-19,Harissa 1kg (pro),Condiments,Tunis,Retail,20,24.0,10.0,432.0,182.0
2200,2025-01-10,Dattes Deglet Nour 1kg,Dates,Sfax,Retail,3,14.0,5.0,39.9,14.4
1583,2024-09-15,Dattes Deglet Nour 1kg,Dates,Gabes,Wholesale,12,14.0,0.0,168.0,66.0
2801,2025-05-24,Couscous Complet 1kg,Grains,Bizerte,Wholesale,3,7.2,0.0,21.6,9.3
3069,2025-07-15,Harissa Traditionnelle 200g,Condiments,Bizerte,Online,3,6.5,0.0,19.5,9.9
2443,2025-03-07,Huile d'Olive Extra Vierge 1L,Olive Oil,Bizerte,Wholesale,20,28.5,5.0,541.5,161.5
1658,2024-10-03,Bsissa Traditionnelle 500g,Grains,Sousse,Online,1,9.5,10.0,8.55,3.55
1883,2024-11-14,Dattes Deglet Nour 1kg,Dates,Gabes,Wholesale,8,14.0,0.0,112.0,44.0
2772,2025-05-18,Dattes Deglet Nour 5kg,Dates,Monastir,Wholesale,4,62.0,0.0,248.0,92.0
1299,2024-06-25,Harissa Traditionnelle 200g,Condiments,Tunis,Retail,10,6.5,0.0,65.0,33.0
2139,2024-12-30,Miel de Thym 250g,Honey,Sousse,Wholesale,6,32.0,0.0,192.0,72.0
3191,2025-08-10,Couscous Fin 1kg,Grains,Sfax,Retail,4,5.8,5.0,22.04,8.44
3263,2025-08-25,Dattes Deglet Nour 1kg,Dates,Gabes,Retail,2,14.0,0.0,28.0,11.0
1447,2024-08-05,Dattes Deglet Nour 5kg,Dates,Bizerte,Online,1,62.0,0.0,62.0,23.0
2872,2025-06-04,Harissa 1kg (pro),Condiments,Sousse,Online,20,24.0,0.0,480.0,230.0
2734,2025-05-08,Harissa 1kg (pro),Condiments,Sfax,Retail,1,24.0,0.0,24.0,11.5
1846,2024-11-07,Couscous Fin 1kg,Grains,Monastir,Online,10,5.8,0.0,58.0,24.0
3376,2025-09-17,Dattes Deglet Nour 1kg,Dates,Tunis,Online,1,14.0,10.0,12.6,4.1
2702,2025-04-29,Huile d'Olive Extra Vierge 1L,Olive Oil,Tunis,Wholesale,10,28.5,0.0,285.0,95.0
3252,2025-08-23,Harissa 1kg (pro),Condiments,Tunis,Wholesale,4,24.0,0.0,96.0,46.0
1449,2024-08-05,Harissa Traditionnelle 200g,Condiments,Sousse,Wholesale,10,6.5,5.0,61.75,29.75
1590,2024-09-17,Miel de Thym 250g,Honey,Tunis,Retail,10,32.0,0.0,320.0,120.0
3002,2025-07-04,Couscous Fin 1kg,Grains,Tunis,Online,2,5.8,5.0,11.02,4.22
1574,2024-09-12,Dattes Deglet Nour 5kg,Dates,Tunis,Online,12,62.0,5.0,706.8,238.8
1951,2024-11-29,Harissa Traditionnelle 200g,Condiments,Tunis,Wholesale,5,6.5,0.0,32.5,16.5
1911,2024-11-20,Dattes Deglet Nour 1kg,Dates,Sfax,Retail,6,14.0,5.0,79.8,28.8
2724,2025-05-04,Huile d'Olive Extra Vierge 5L,Olive Oil,Tunis,Wholesale,4,132.0,5.0,501.6,133.6
3403,2025-09-20,Bsissa Traditionnelle 500g,Grains,Sousse,Online,2,9.5,5.0,18.05,8.05
2403,2025-02-26,Huile d'Olive Extra Vierge 5L,Olive Oil,Monastir,Retail,1,132.0,10.0,118.8,26.8
2784,2025-05-21,Bsissa Traditionnelle 500g,Grains,Sousse,Wholesale,5,9.5,5.0,45.12,20.12
1249,2024-06-11,Harissa 1kg (pro),Condiments,Sfax,Online,2,24.0,0.0,48.0,23.0
1167,2024-05-17,Couscous Complet 1kg,Grains,Tunis,Online,2,7.2,0.0,14.4,6.2
2574,2025-04-01,Harissa Traditionnelle 200g,Condiments,Tunis,Retail,10,6.5,5.0,61.75,29.75
1768,2024-10-26,Huile d'Olive Extra Vierge 1L,Olive Oil,Sousse,Retail,10,28.5,0.0,285.0,95.0
3024,2025-07-07,Huile d'Olive Extra Vierge 1L,Olive Oil,Bizerte,Wholesale,5,28.5,10.0,128.25,33.25
3198,2025-08-11,Huile d'Olive Extra Vierge 1L,Olive Oil,Sfax,Retail,6,28.5,5.0,162.45,48.45
2708,2025-04-29,Couscous Fin 1kg,Grains,Sousse,Retail,1,5.8,10.0,5.22,1.82
2480,2025-03-14,Harissa Traditionnelle 200g,Condiments,Gabes,retail,4,6.5,0.0,26.0,13.2
1952,2024-11-29,Huile d'Olive Extra Vierge 5L,Olive Oil,Bizerte,Wholesale,8,132.0,10.0,950.4,214.4
3041,2025-07-09,Huile d'Olive Extra Vierge 1L,Olive Oil,Sousse,Retail,1,28.5,5.0,27.07,8.07
2857,2025-06-02,Harissa Traditionnelle 200g,Condiments,gabes,Online,20,6.5,10.0,117.0,53.0
1430,2024-07-31,Couscous Fin 1kg,Grains,Gabes,Wholesale,15,5.8,0.0,87.0,36.0
2047,2024-12-16,Miel de Thym 250g,Honey,Sousse,Retail,3,32.0,0.0,96.0,36.0
1962,2024-12-01,Bsissa Traditionnelle 500g,Grains,Gabes,Wholesale,6,9.5,10.0,51.3,21.3
3290,2025-08-30,Dattes Deglet Nour 1kg,Dates,Tunis,Retail,4,14.0,5.0,53.2,19.2
3047,2025-07-12,Couscous Complet 1kg,Grains,,Retail,1,7.2,5.0,6.84,2.74
2402,2025-02-26,Couscous Complet 1kg,Grains,Sfax,Wholesale,4,7.2,0.0,28.8,12.4
2747,2025-05-11,Harissa Traditionnelle 200g,Condiments,Sousse,Online,4,6.5,5.0,24.7,11.9
1724,2024-10-15,Dattes Deglet Nour 5kg,Dates,Monastir,Wholesale,33,62.0,0.0,2046.0,759.0
2910,2025-06-14,Harissa Traditionnelle 200g,Condiments,Tunis,Retail,1,6.5,0.0,6.5,3.3
2142,2024-12-30,Couscous Fin 1kg,Grains,Tunis,Wholesale,48,5.8,0.0,278.4,115.2
1729,2024-10-17,Harissa 1kg (pro),Condiments,Tunis,Retail,3,24.0,0.0,72.0,34.5
2365,2025-02-19,Couscous Fin 1kg,Grains,Sfax,Retail,20,5.8,0.0,116.0,48.0
1350,2024-07-09,Couscous Fin 1kg,Grains,Sfax,Retail,4,5.8,0.0,23.2,9.6
3309,2025-09-05,Dattes Deglet Nour 5kg,Dates,Sousse,Wholesale,9,62.0,10.0,502.2,151.2
1924,2024-11-23,Huile d'Olive Extra Vierge 1L,Olive Oil,Sfax,Retail,10,28.5,20.0,228.0,38.0
2445,2025-03-07,Couscous Fin 1kg,Grains,Tunis,Retail,12,5.8,0.0,69.6,28.8
1653,2024-10-02,Miel de Thym 250g,Honey,Sfax,Retail,1,32.0,0.0,32.0,12.0
1429,2024-07-31,Couscous Fin 1kg,Grains,Tunis,Retail,1,5.8,0.0,5.8,2.4
2544,2025-03-25,Harissa Traditionnelle 200g,Condiments,Sousse,Wholesale,40,6.5,10.0,234.0,106.0
2188,2025-01-07,Huile d'Olive Extra Vierge 1L,Olive Oil,Tunis,Retail,3,28.5,20.0,68.4,11.4
2851,2025-06-01,Couscous Fin 1kg,Grains,Bizerte,Retail,3,5.8,0.0,17.4,7.2
2459,2025-03-09,Miel de Thym 250g,Honey,Sousse,Wholesale,4,32.0,5.0,121.6,41.6
1321,2024-06-30,Harissa 1kg (pro),Condiments,Sousse,Retail,1,24.0,0.0,24.0,11.5
1381,2024-07-17,Harissa 1kg (pro),Condiments,Bizerte,Retail,3,24.0,0.0,72.0,34.5
1512,2024-08-24,Couscous Fin 1kg,Grains,Sfax,Wholesale,4,5.8,0.0,23.2,9.6
2850,2025-06-01,Miel de Thym 250g,Honey,Monastir,Online,2,32.0,0.0,64.0,24.0
1367,2024-07-14,Harissa 1kg (pro),Condiments,Sousse,Wholesale,4,24.0,5.0,91.2,41.2
3326,2025-09-09,Huile d'Olive Extra Vierge 5L,Olive Oil,Tunis,Retail,2,132.0,5.0,250.8,66.8
3157,2025-08-04,Harissa Traditionnelle 200g,Condiments,Sfax,Online,1,6.5,0.0,6.5,3.3
2684,2025-04-24,Harissa Traditionnelle 200g,Condiments,Tunis,Wholesale,16,6.5,0.0,104.0,52.8
2074,2024-12-20,Huile d'Olive Extra Vierge 5L,Olive Oil,Sfax,Retail,3,132.0,10.0,356.4,80.4
1873,2024-11-12,Huile d'Olive Extra Vierge 5L,Olive Oil,Sousse,Wholesale,8,132.0,10.0,950.4,214.4
3359,2025-09-14,Dattes Deglet Nour 5kg,Dates,Tunis,Retail,1,62.0,5.0,58.9,19.9
1537,2024-09-01,Harissa 1kg (pro),Condiments,Monastir,Online,3,24.0,10.0,64.8,27.3
2190,2025-01-08,Miel de Thym 250g,Honey,Tunis,Retail,1,32.0,,32.0,12.0
2672,2025-04-22,Dattes Deglet Nour 5kg,Dates,Tunis,Online,1,62.0,5.0,58.9,19.9
1823,2024-11-03,Bsissa Traditionnelle 500g,Grains,Monastir,Retail,2,9.5,0.0,19.0,9.0
1140,2024-05-06,Harissa 1kg (pro),Condiments,Sousse,Retail,4,24.0,5.0,91.2,41.2
3430,26/09/2025,Dattes Deglet Nour 5kg,Dates,Sfax,Retail,10,62.0,0.0,620.0,230.0
3342,2025-09-11,Bsissa Traditionnelle 500g,Grains,Bizerte,Retail,2,9.5,5.0,18.05,8.05
2664,2025-04-20,Huile d'Olive Extra Vierge 1L,Olive Oil,Monastir,Wholesale,6,28.5,0.0,171.0,57.0
2975,2025-06-29,Harissa 1kg (pro),Condiments,Sousse,Retail,3,24.0,0.0,72.0,34.5
2824,2025-05-27,Dattes Deglet Nour 5kg,Dates, Bizerte ,Wholesale,6,62.0,0.0,372.0,138.0
1335,2024-07-04,Couscous Complet 1kg,Grains,Tunis,Retail,10,7.2,0.0,72.0,31.0
2634,2025-04-11,Bsissa Traditionnelle 500g,Grains,Bizerte,Retail,2,9.5,0.0,19.0,9.0
1627,2024-09-27,Dattes Deglet Nour 1kg,Dates,Bizerte,Retail,1,14.0,0.0,14.0,5.5
2417,2025-03-01,Dattes Deglet Nour 5kg,Dates,Sfax,Retail,2,62.0,0.0,124.0,46.0
2749,2025-05-11,Harissa Traditionnelle 200g,Condiments,Sousse,Retail,3,6.5,0.0,19.5,9.9
2293,2025-01-31,Couscous Complet 1kg,Grains,Sfax,Online,3,7.2,0.0,21.6,9.3
1188,2024-05-25,Bsissa Traditionnelle 500g,Grains,Tunis,Wholesale,3,9.5,0.0,28.5,13.5
2333,2025-02-12,Huile d'Olive Extra Vierge 1L,Olive Oil,Monastir,Online,1,28.5,0.0,28.5,9.5
2549,2025-03-25,Couscous Fin 1kg,Grains,monastir,Retail,4,5.8,0.0,23.2,9.6
2337,2025-02-13,Huile d'Olive Extra Vierge 1L,Olive Oil,Monastir,Wholesale,80,28.5,10.0,2052.0,532.0
2979,2025-06-29,Couscous Fin 1kg,Grains,Sfax,Retail,4,5.8,0.0,23.2,9.6
1388,2024-07-19,Harissa 1kg (pro),Condiments,Sfax,Retail,1,24.0,5.0,22.8,10.3
1250,2024-06-11,Miel de Thym 250g,Honey,bizerte,Wholesale,30,32.0,0.0,960.0,360.0
3043,2025-07-11,Couscous Fin 1kg,Grains,Sfax,Online,3,5.8,0.0,17.4,7.2
3145,2025-08-01,Bsissa Traditionnelle 500g,Grains,Gabes,Retail,4,9.5,10.0,34.2,14.2
1681,2024-10-07,Harissa Traditionnelle 200g,Condiments,Sfax,Wholesale,100,6.5,0.0,650.0,330.0
1955,2024-11-30,Huile d'Olive Extra Vierge 5L,Olive Oil,Tunis,Wholesale,3,132.0,15.0,336.6,60.6
2841,2025-05-31,Couscous Complet 1kg,Grains,Tunis,Retail,4,7.2,10.0,25.92,9.52
2125,2024-12-29,Huile d'Olive Extra Vierge 1L,Olive Oil,Sfax,Online,1,28.5,15.0,24.22,5.22
2887,2025-06-07,Huile d'Olive Extra Vierge 1L,Olive Oil,Sfax,Retail,1,28.5,0.0,28.5,9.5
2792,2025-05-23,Couscous Complet 1kg,Grains,Gabes,Retail,3,7.2,0.0,21.6,9.3
3007,2025-07-05,Miel de Thym 250g,Honey,Tunis,Retail,1,32.0,0.0,32.0,12.0
1909,2024-11-20,Huile d'Olive Extra Vierge 5L,Olive Oil,Monastir,Retail,2,132.0,5.0,250.8,66.8
2279,2025-01-30,Bsissa Traditionnelle 500g,Grains,Sfax,Retail,10,9.5,0.0,95.0,45.0
2217,2025-01-13,Dattes Deglet Nour 5kg,Dates,Tunis,Wholesale,12,62.0,0.0,744.0,276.0
3357,2025-09-14,Couscous Fin 1kg,Grains,,Online,1,5.8,10.0,5.22,1.82
1418,2024-07-27,Couscous Fin 1kg,Grains,Sfax,Retail,12,5.8,5.0,66.12,25.32
1564,2024-09-10,Dattes Deglet Nour 5kg,Dates,Sfax,Online,1,62.0,5.0,58.9,19.9
3265,2025-08-26,Dattes Deglet Nour 5kg,Dates,Sousse,Retail,2,62.0,0.0,124.0,46.0
1330,2024-07-03,Couscous Complet 1kg,Grains,Sfax,Online,4,7.2,0.0,28.8,12.4
2482,2025-03-14,Couscous Complet 1kg,Grains,Gabes,Retail,6,7.2,5.0,41.04,16.44
2118,2024-12-27,Harissa Traditionnelle 200g,Condiments,Tunis,Wholesale,5,6.5,10.0,29.25,13.25
2160,2025-01-03,Dattes Deglet Nour 1kg,Dates,Sfax,Retail,2,14.0,0.0,28.0,11.0
1730,2024-10-17,Bsissa Traditionnelle 500g,Grains,Gabes,Online,6,9.5,5.0,54.15,24.15
2639,2025-04-12,Dattes Deglet Nour 1kg,Dates,Monastir,Wholesale,10,14.0,0.0,140.0,55.0
3031,2025-07-07,Couscous Complet 1kg,Grains,Tunis,Retail,1,7.2,5.0,6.84,2.74
3224,2025-08-17,Harissa Traditionnelle 200g,Condiments,Sfax,Online,2,6.5,,13.0,6.6
3003,2025-07-04,Huile d'Olive Extra Vierge 5L,Olive Oil,Gabes,Wholesale,20,132.0,10.0,2376.0,536.0
2468,2025-03-11,Miel de Thym 250g,Honey,Gabes,Wholesale,30,32.0,0.0,960.0,360.0
2220,2025-01-14,Dattes Deglet Nour 5kg,Dates,Tunis,Wholesale,15,62.0,0.0,930.0,345.0
2730,2025-05-06,Huile d'Olive Extra Vierge 1L,Olive Oil,Tunis,Retail,1,28.5,10.0,25.65,6.65
2811,2025-05-26,Huile d'Olive Extra Vierge 1L,Olive Oil,Tunis,Wholesale,4,28.5,10.0,102.6,26.6
2825,2025-05-27,Harissa 1kg (pro),Condiments,Bizerte,Wholesale,4,24.0,0.0,96.0,46.0
2077,2024-12-20,Dattes Deglet Nour 5kg,Dates,Gabes,Retail,2,62.0,0.0,124.0,46.0
3238,2025-08-19,Dattes Deglet Nour 1kg,Dates,Tunis,Retail,2,14.0,0.0,28.0,11.0
1714,2024-10-14,Huile d'Olive Extra Vierge 5L,Olive Oil,Sousse,Online,1,132.0,0.0,132.0,40.0
1207,2024-05-30,Huile d'Olive Extra Vierge 1L,Olive Oil,Tunis,Retail,2,28.5,0.0,57.0,19.0
3070,2025-07-16,Harissa Traditionnelle 200g,Condiments,Tunis,Retail,4,6.5,0.0,26.0,13.2
2146,2024-12-31,Dattes Deglet Nour 1kg,Dates,Gabes,Retail,4,14.0,0.0,56.0,22.0
2086,2024-12-21,Harissa Traditionnelle 200g,Condiments,Sousse,Wholesale,18,6.5,0.0,117.0,59.4
1048,2024-04-13,Bsissa Traditionnelle 500g,Grains,Tunis,Wholesale,6,9.5,0.0,57.0,27.0
1777,2024-10-27,Couscous Complet 1kg,Grains,Bizerte,Retail,3,7.2,,20.52,8.22
2890,2025-06-08,Dattes Deglet Nour 5kg,Dates,Tunis,Retail,4,62.0,0.0,248.0,92.0
2051,2024-12-17,Harissa 1kg (pro),Condiments,Sousse,Retail,2,24.0,0.0,48.0,23.0
1180,2024-05-23,Bsissa Traditionnelle 500g,Grains,Sfax,Wholesale,10,9.5,0.0,95.0,45.0
1960,2024-11-30,Huile d'Olive Extra Vierge 5L,Olive Oil,Tunis,Wholesale,30,132.0,0.0,3960.0,1200.0
1698,2024-10-11,Couscous Fin 1kg,Grains,Bizerte,Retail,3,5.8,0.0,17.4,7.2
1607,2024-09-20,Couscous Complet 1kg,Grains,Bizerte,Wholesale,12,7.2,5.0,82.08,32.88
1903,2024-11-19,Couscous Fin 1kg,Grains,Monastir,WHOLESALE,8,5.8,5.0,44.08,16.88
1262,2024-06-15,Miel de Thym 250g,Honey,Tunis,Retail,2,32.0,0.0,64.0,24.0
2773,2025-05-18,Couscous Complet 1kg,Grains,Bizerte,Retail,1,7.2,0.0,7.2,3.1
1032,2024-04-09,Couscous Complet 1kg,Grains,Tunis,Online,1,7.2,0.0,7.2,3.1
1208,2024-05-31,Dattes Deglet Nour 1kg,Dates,Tunis,Retail,1,14.0,0.0,14.0,5.5
3423,2025-09-24,Miel de Thym 250g,Honey,Tunis,Retail,6,32.0,0.0,192.0,72.0
1339,2024-07-05,Harissa Traditionnelle 200g,Condiments,Sfax,Wholesale,4,6.5,0.0,26.0,13.2
2473,12/03/2025,Couscous Complet 1kg,Grains,Tunis,Retail,3,7.2,0.0,21.6,9.3
3051,2025-07-13,Huile d'Olive Extra Vierge 1L,Olive Oil,Bizerte,Online,3,28.5,0.0,85.5,28.5
1136,2024-05-04,Couscous Complet 1kg,Grains,Tunis,Retail,4,7.2,0.0,28.8,12.4
3019,2025-07-06,Harissa 1kg (pro),Condiments,Tunis,Retail,2,24.0,0.0,48.0,23.0
2843,2025-05-31,Couscous Fin 1kg,Grains,Sousse,Retail,2,5.8,0.0,11.6,4.8
1736,2024-10-19,Dattes Deglet Nour 1kg,Dates,Bizerte,Online,4,14.0,0.0,56.0,22.0
3078,2025-07-19,Bsissa Traditionnelle 500g,Grains,Gabes,Retail,3,9.5,5.0,27.07,12.07
3298,2025-09-02,Dattes Deglet Nour 5kg,Dates,Sfax,Retail,2,62.0,0.0,124.0,46.0
1820,2024-11-02,Huile d'Olive Extra Vierge 5L,Olive Oil,Tunis,Retail,3,132.0,5.0,376.2,100.2
2685,2025-04-25,Miel de Thym  250g,Honey,Tunis,Wholesale,15,32.0,10.0,432.0,132.0
2397,2025-02-25,Dattes Deglet Nour 5kg,Dates,Tunis,Wholesale,30,62.0,0.0,1860.0,690.0
3273,2025-08-28,Dattes Deglet Nour 5kg,Dates,Gabes,Online,12,62.0,0.0,744.0,276.0
2457,2025-03-09,Couscous Fin 1kg,Grains,Tunis,Wholesale,4,5.8,0.0,23.2,9.6
3343,2025-09-11,Harissa 1kg (pro),Condiments,Tunis,Wholesale,6,24.0,5.0,136.8,61.8
2676,2025-04-23,Huile d'Olive Extra Vierge 1L,Olive Oil,Bizerte,Wholesale,18,28.5,10.0,461.7,119.7
1987,2024-12-04,Dattes Deglet Nour 1kg,Dates,Tunis,Retail,13,14.0,10.0,163.8,53.3
3189,2025-08-09,Couscous Fin 1kg,Grains,Bizerte,Online,10,5.8,0.0,58.0,24.0
1738,2024-10-19,Couscous Complet 1kg,Grains,Sousse,Retail,2,7.2,0.0,14.4,6.2
2031,2024-12-13,Harissa 1kg (pro),Condiments,Bizerte,Online,2,24.0,10.0,43.2,18.2
2102,2024-12-24,Huile d'Olive Extra Vierge 5L,Olive Oil,Monastir,Retail,1,132.0,0.0,132.0,40.0
3400,2025-09-20,Dattes Deglet Nour 1kg,Dates,Sfax,Retail,2,14.0,0.0,28.0,11.0
2430,2025-03-03,Harissa Traditionnelle 200g,Condiments,Bizerte,Retail,2,6.5,0.0,13.0,6.6
2364,2025-02-18,Miel de Thym 250g,Honey,Sfax,Wholesale,30,32.0,0.0,960.0,360.0
2934,2025-06-19,Couscous Complet 1kg,Grains,Monastir,Online,3,7.2,0.0,21.6,9.3
2947,2025-06-22,Bsissa Traditionnelle 500g,Grains,Tunis,Retail,10,9.5,5.0,90.25,40.25
1818,2024-11-02,Couscous Fin 1kg,Grains,Tunis,Retail,3,5.8,5.0,16.53,6.33
1866,2024-11-11,Bsissa Traditionnelle 500g,Grains,Bizerte,Wholesale,9,9.5,0.0,85.5,40.5
1415,2024-07-26,Harissa 1kg (pro),Condiments,Sousse,Retail,1,24.0,0.0,24.0,11.5
3338,2025-09-11,Couscous Fin 1kg,Grains,Bizerte,Online,2,5.8,0.0,11.6,4.8
1395,21/07/2024,Bsissa Traditionnelle 500g,Grains,Sousse,Online,1,9.5,5.0,9.03,4.03
2341,14/02/2025,Dattes Deglet Nour 1kg,Dates,Sfax,Retail,4,14.0,0.0,56.0,22.0
3152,2025-08-03,Huile d'Olive Extra Vierge 5L,Olive Oil,Monastir,Retail,3,132.0,5.0,376.2,100.2
3249,2025-08-22,Harissa 1kg (pro),Condiments,Sousse,Online,1,24.0,0.0,24.0,11.5
1190,2024-05-26,Huile d'Olive Extra Vierge 5L,Olive Oil,Tunis,Wholesale,8,132.0,15.0,897.6,161.6
1904,2024-11-19,Dattes Deglet Nour 5kg,Dates,Sousse,Retail,2,62.0,10.0,111.6,33.6
1309,2024-06-27,Huile d'Olive Extra Vierge 5L,Olive Oil,Tunis,Wholesale,10,132.0,10.0,1188.0,268.0
1416,2024-07-26,Dattes Deglet Nour 5kg,Dates,Sfax,Online,3,62.0,0.0,186.0,69.0
3005,2025-07-04,Bsissa Traditionnelle 500g,Grains,Monastir,Retail,4,9.5,0.0,38.0,18.0
3074,2025-07-18,Harissa Traditionnelle 200g,Condiments,Tunis,Retail,2,6.5,10.0,11.7,5.3
3090,2025-07-21,Huile d'Olive Extra Vierge 5L,Olive Oil,Gabes,Retail,2,132.0,15.0,224.4,40.4
1451,2024-08-06,Couscous Fin 1kg,Grains,Sousse,Online,2,5.8,5.0,11.02,4.22
1261,2024-06-14,Dattes Deglet Nour 5kg,Dates,Sfax,Wholesale,40,62.0,0.0,2480.0,920.0
1021,2024-04-06,Huile d'Olive Extra Vierge 1L,Olive Oil,Tunis,Wholesale,8,28.5,0.0,228.0,76.0
2152,2024-12-31,Couscous Complet 1kg,Grains,Monastir,Retail,6,7.2,0.0,43.2,18.6
3363,2025-09-14,Couscous Fin 1kg,Grains,Tunis,Online,2,5.8,0.0,11.6,4.8
3018,2025-07-06,Dattes Deglet Nour 5kg,Dates,Tunis,Retail,1,62.0,0.0,62.0,23.0
2651,2025-04-16,Huile d'Olive Extra Vierge 5L,Olive Oil,Sousse,Wholesale,24,132.0,10.0,2851.2,643.2
2810,2025-05-25,Couscous Fin 1kg,Grains,Sfax,Retail,10,5.8,5.0,55.1,21.1
2353,2025-02-17,Huile d'Olive Extra Vierge 5L,Olive Oil,Tunis,Retail,1,132.0,20.0,105.6,13.6
3415,2025-09-22,Harissa Traditionnelle 200g,Condiments,monastir,Online,1,6.5,0.0,6.5,3.3
1256,2024-06-12,Huile d'Olive Extra Vierge 5L,Olive Oil,Sfax,Retail,1,132.0,5.0,125.4,33.4
2862,2025-06-03,Dattes Deglet Nour 5kg,Dates,Tunis,Retail,20,62.0,0.0,1240.0,460.0
1708,2024-10-13,Dattes Deglet Nour 1kg,Dates,Tunis,Retail,4,14.0,0.0,56.0,22.0
1814,2024-11-02,Bsissa Traditionnelle 500g,Grains,Bizerte,Retail,1,9.5,0.0,9.5,4.5
1109,2024-04-27,Dattes Deglet Nour 1kg,Dates,Bizerte,Retail,3,14.0,0.0,42.0,16.5
2159,2025-01-02,Couscous Fin 1kg,Grains,Sfax,Retail,20,5.8,,104.4,36.4
2960,2025-06-25,Harissa 1kg (pro),Condiments,Bizerte,Wholesale,5,24.0,0.0,120.0,57.5
3223,2025-08-16,Bsissa Traditionnelle 500g,Grains,Sfax,Retail,2,9.5,0.0,19.0,9.0
1191,2024-05-26,Couscous Fin 1kg,Grains,Bizerte,Retail,2,5.8,5.0,11.02,4.22
2244,2025-01-19,Harissa Traditionnelle 200g,Condiments,Tunis,Retail,1,6.5,10.0,5.85,2.65
2578,2025-04-02,Huile d'Olive Extra Vierge 5L,Olive Oil,Sousse,Retail,12,132.0,15.0,1346.4,242.4
3172,2025-08-07,Dattes Deglet Nour 1kg,Dates,Tunis,Retail,1,14.0,0.0,14.0,5.5
2819,26/05/2025,Harissa Traditionnelle 200g,Condiments,Tunis,Wholesale,80,6.5,0.0,520.0,264.0
2087,2024-12-21,Huile d'Olive Extra Vierge 1L,Olive Oil,Tunis,Retail,2,28.5,0.0,57.0,19.0
1422,2024-07-29,Huile d'Olive Extra Vierge 1L,Olive Oil,Sousse,Retail,1,28.5,10.0,25.65,6.65
2101,2024-12-23,Miel de Thym 250g,Honey,Sousse,Wholesale,18,32.0,0.0,576.0,216.0
1981,2024-12-04,Dattes Deglet Nour 5kg,Dates,Sfax,Wholesale,88,62.0,5.0,5183.2,1751.2
2840,2025-05-31,Couscous Complet 1kg,Grains,Gabes,Retail,1,7.2,0.0,7.2,3.1
1568,2024-09-10,Miel de Thym 250g,Honey,Monastir,Retail,1,32.0,0.0,32.0,12.0
1153,2024-05-10,Bsissa Traditionnelle 500g,Grains,Tunis,Retail,6,9.5,5.0,54.15,24.15
2116,2024-12-26,Couscous Complet 1kg,Grains,Tunis,Retail,2,7.2,0.0,14.4,6.2
1411,2024-07-25,Bsissa Traditionnelle 500g,Grains,Sousse,Wholesale,16,9.5,0.0,152.0,72.0
2955,2025-06-24,Dattes Deglet Nour 1kg,Dates,Tunis,Online,6,14.0,0.0,84.0,33.0
2522,2025-03-21,Dattes Deglet Nour 5kg,Dates,Bizerte,Wholesale,16,62.0,0.0,992.0,368.0
1348,2024-07-09,Miel de Thym 250g,Honey,Tunis,Retail,1,32.0,0.0,32.0,12.0
1988,2024-12-04,Bsissa Traditionnelle 500g,Grains,Tunis,Retail,1,9.5,5.0,9.03,4.03
1218,2024-06-03,Couscous Complet 1kg,Grains,Gabes,Retail,6,7.2,10.0,38.88,14.28
3284,2025-08-30,Harissa Traditionnelle 200g,Condiments,Gabes,Retail,2,6.5,5.0,12.35,5.95
1353,2024-07-11,Harissa Traditionnelle 200g,Condiments,Sousse,Wholesale,4,6.5,0.0,26.0,13.2
3099,2025-07-23,Harissa Traditionnelle 200g,Condiments,Tunis,Online,20,6.5,0.0,130.0,66.0
2396,2025-02-24,Dattes Deglet Nour 1 Kg,Dates,Monastir,Retail,1,14.0,0.0,14.0,5.5
1364,2024-07-13,Bsissa Traditionnelle 500g,Grains,Tunis,Wholesale,5,9.5,0.0,47.5,22.5
1740,2024-10-20,Miel de Thym 250g,Honey,Monastir,Retail,10,32.0,0.0,320.0,120.0
1106,2024-04-27,Dattes Deglet Nour 1kg,Dates,Bizerte,Retail,2,14.0,0.0,28.0,11.0
2027,2024-12-12,Couscous Fin 1kg,Grains,Tunis,Online,1,5.8,0.0,5.8,2.4
2652,2025-04-16,Miel de Thym 250g,Honey,Bizerte,Retail,20,32.0,5.0,608.0,208.0
3034,2025-07-08,Couscous Fin 1kg,Grains,Sousse,Retail,2,5.8,0.0,11.6,4.8
3080,2025-07-19,Couscous Fin 1kg,Grains,Tunis,Retail,6,5.8,0.0,34.8,14.4
1503,2024-08-21,Bsissa Traditionnelle 500g,Grains,Tunis,Online,1,9.5,5.0,9.03,4.03
2968,2025-06-27,Harissa Traditionnelle 200g,Condiments,Tunis,Online,1,6.5,0.0,6.5,3.3
1172,2024-05-20,Huile d'Olive Extra Vierge 5L,Olive Oil,Monastir,Retail,4,132.0,5.0,501.6,133.6
1327,2024-07-02,Dattes Deglet Nour 5kg,Dates,Monastir,Retail,6,62.0,10.0,334.8,100.8
1089,2024-04-24,Miel de Thym 250g,Honey,Tunis,Retail,3,32.0,0.0,96.0,36.0
2211,2025-01-13,Couscous Complet 1kg,Grains,Sousse,Retail,3,7.2,5.0,20.52,8.22
1185,2024-05-24,Harissa Traditionnelle 200g,Condiments,Bizerte,Retail,6,6.5,0.0,39.0,19.8
1788,2024-10-28,Huile d'Olive Extra Vierge 5L,Olive Oil,Tunis,Wholesale,20,132.0,5.0,2508.0,668.0
2788,2025-05-22,Huile d'Olive Extra Vierge 5L,Olive Oil,Monastir,Retail,1,132.0,15.0,112.2,20.2
2678,2025-04-23,Couscous Complet 1kg,Grains,Gabes,Wholesale,9,7.2,0.0,64.8,27.9
2129,2024-12-29,Couscous Fin 1kg,Grains,Sfax,Wholesale,30,5.8,0.0,174.0,72.0
1282,2024-06-19,Bsissa Traditionnelle 500g,Grains,Tunis,Retail,1,9.5,0.0,9.5,4.5
2084,2024-12-21,Huile d'Olive Extra Vierge 1L,Olive Oil,Sfax,Online,3,28.5,0.0,85.5,28.5
1507,2024-08-23,Dattes Deglet Nour 1kg,Dates,Sfax,Retail,1,14.0,5.0,13.3,4.8
2929,2025-06-19,Harissa Traditionnelle 200g,Condiments,Bizerte,Retail,3,6.5,0.0,19.5,9.9
1801,2024-10-30,Harissa Traditionnelle 200g,Condiments,Monastir,Retail,12,6.5,0.0,78.0,39.6
2531,2025-03-23,Couscous Complet 1kg,Grains,Sousse,Retail,1,7.2,0.0,7.2,3.1
2424,2025-03-03,Harissa 1kg (pro),Condiments,Bizerte,Online,10,24.0,,240.0,115.0
2284,2025-01-30,Miel de Thym 250g,Honey,Tunis,Online,3,32.0,0.0,96.0,36.0
1275,2024-06-18,Couscous Complet 1kg,Grains,Tunis,Retail,2,7.2,5.0,13.68,5.48
2774,2025-05-18,Couscous Fin 1kg,Grains,Tunis,Wholesale,18,5.8,5.0,99.18,37.98
2770,2025-05-17,Miel de Thym 250g,Honey,Tunis,Online,1,32.0,0.0,32.0,12.0
1954,2024-11-30,Dattes Deglet Nour 1kg,Dates,gabes,Retail,2,14.0,0.0,28.0,11.0
1445,2024-08-04,Huile d'Olive Extra Vierge 5L,Olive Oil,Bizerte,Wholesale,8,132.0,20.0,844.8,108.8
3230,2025-08-18,Bsissa Traditionnelle 500g,Grains,Sousse,Wholesale,4,9.5,0.0,38.0,18.0
1783,2024-10-28,Huile d'Olive Extra Vierge 5L,Olive Oil,Sousse,Retail,4,132.0,20.0,422.4,54.4
2253,2025-01-22,Huile d'Olive Extra Vierge 1L,Olive Oil,Sousse,Wholesale,5,28.5,10.0,128.25,33.25
2507,2025-03-18,Couscous Complet 1kg,Grains,Tunis,Retail,2,7.2,0.0,14.4,6.2
2919,2025-06-17,Miel de Thym 250g,Honey,Sfax,Retail,4,32.0,0.0,128.0,48.0
3390,2025-09-18,Miel de Thym 250g,Honey,Bizerte,Online,10,32.0,0.0,320.0,120.0
3380,2025-09-17,Dattes Deglet Nour 5kg,Dates,Sousse,Retail,2,62.0,0.0,124.0,46.0
3033,2025-07-07,Dattes Deglet Nour 1kg,Dates,Monastir,Retail,1,14.0,0.0,14.0,5.5
2029,2024-12-13,Huile d'Olive Extra Vierge 1L,Olive Oil,Sousse,Online,2,28.5,0.0,57.0,19.0
2935,2025-06-20,Huile d'Olive Extra Vierge 1L,Olive Oil,Tunis,Retail,6,28.5,10.0,153.9,39.9
1668,2024-10-04,Dattes Deglet Nour 1kg,Dates,Tunis,Retail,6,14.0,,84.0,33.0
2261,2025-01-24,Dattes Deglet Nour 1kg,Dates,Sousse,Online,3,14.0,5.0,39.9,14.4
1626,2024-09-27,Harissa Traditionnelle 200g,Condiments,Bizerte,Wholesale,3,6.5,5.0,18.52,8.92
2219,2025-01-13,Huile d'Olive Extra Vierge 5L,Olive Oil,Gabes,Wholesale,8,132.0,0.0,1056.0,320.0
3110,2025-07-25,Huile d'Olive Extra Vierge 5L,Olive Oil, Tunis ,Retail,4,132.0,15.0,448.8,80.8
1005,2024-04-02,Harissa 1kg (pro),Condiments,Gabes,Wholesale,60,24.0,0.0,1440.0,690.0
1179,2024-05-23,Harissa 1kg (pro),Condiments,Bizerte,Wholesale,8,24.0,10.0,172.8,72.8
2957,24/06/2025,Dattes Deglet Nour 1kg,Dates,Gabes,Retail,1,14.0,0.0,14.0,5.5
1062,2024-04-15,Miel de Thym 250g,Honey,Sfax,Wholesale,20,32.0,5.0,608.0,208.0
1679,2024-10-07,Harissa Traditionnelle 200g,Condiments,Gabes,Online,4,6.5,0.0,26.0,13.2
1240,2024-06-09,Bsissa Traditionnelle 500g,Grains,Monastir,Retail,3,9.5,10.0,25.65,10.65
1973,2024-12-02,Dattes Deglet Nour 5kg,Dates,Sfax,Retail,4,62.0,0.0,248.0,92.0
2314,2025-02-07,Dattes Deglet Nour 5kg,Dates,Tunis,Wholesale,5,62.0,0.0,310.0,115.0
2638,2025-04-12,Dattes Deglet Nour 1kg,Dates,Monastir,Online,10,14.0,0.0,140.0,55.0
2304,2025-02-04,Couscous Fin 1kg,Grains,Sousse,Retail,2,5.8,0.0,11.6,4.8
1098,2024-04-26,Bsissa Traditionnelle 500g,Grains,Sfax,Online,3,9.5,0.0,28.5,13.5
1522,2024-08-27,Dattes Deglet Nour 5kg,Dates,Sousse,Retail,3,62.0,0.0,186.0,69.0
1158,2024-05-13,Dattes Deglet Nour 1kg,Dates,Tunis,Retail,10,14.0,0.0,140.0,55.0
2354,2025-02-17,Dattes Deglet Nour 5kg,Dates,Sousse,Online,1,62.0,0.0,62.0,23.0
2099,2024-12-23,Huile d'Olive Extra Vierge 5L,Olive Oil,Sfax,Wholesale,36,132.0,10.0,4276.8,964.8
2509,2025-03-19,Dattes Deglet Nour 1kg,Dates,Sousse,Retail,2,14.0,0.0,28.0,11.0
3349,2025-09-12,Miel de Thym 250g,Honey,Gabes,Retail,20,32.0,0.0,640.0,240.0
1717,2024-10-15,Harissa 1kg (pro),Condiments,Sfax,Online,2,24.0,5.0,45.6,20.6
3017,2025-07-06,Couscous Complet 1kg,Grains,Sfax,Online,1,7.2,5.0,6.84,2.74
1459,2024-08-08,Harissa 1kg (pro),Condiments,Tunis,Wholesale,16,24.0,0.0,384.0,184.0
2425,2025-03-03,Huile d'Olive Extra Vierge 1L,Olive Oil,Tunis,Online,4,28.5,20.0,91.2,15.2
1651,2024-10-02,Harissa 1kg (pro),Condiments,Bizerte,Online,1,24.0,0.0,24.0,11.5
2911,2025-06-14,Harissa 1kg (pro),Condiments,Gabes,Retail,1,24.0,0.0,24.0,11.5
1982,2024-12-04,Huile d'Olive Extra Vierge 5L,Olive Oil,Sfax,Retail,4,132.0,0.0,528.0,160.0
1281,2024-06-19,Bsissa Traditionnelle 500g,Grains,Bizerte,Wholesale,12,9.5,5.0,108.3,48.3
1248,2024-06-10,Miel de Thym 250g,Honey,sfax,Retail,1,32.0,0.0,32.0,12.0
2936,2025-06-20,Huile d'Olive Extra Vierge 5L,Olive Oil,Monastir,Online,6,132.0,10.0,712.8,160.8
3245,2025-08-21,Miel de Thym 250g,Honey,Bizerte,Wholesale,48,32.0,5.0,1459.2,499.2
1458,2024-08-07,Dattes Deglet Nour 5kg,Dates,Tunis,Retail,10,62.0,0.0,620.0,230.0
1832,2024-11-04,Dattes Deglet Nour 5kg,Dates,Sousse,Online,6,62.0,5.0,353.4,119.4
2448,2025-03-08,Harissa 1kg (pro),Condiments,Bizerte,Retail,1,24.0,5.0,22.8,10.3
1433,2024-08-02,Couscous Complet 1kg,Grains,Tunis,Retail,2,7.2,0.0,14.4,6.2
2471,2025-03-12,Huile d'Olive Extra Vierge 1L,Olive Oil,Sousse,Retail,1,28.5,0.0,28.5,9.5
3261,2025-08-24,Harissa Traditionnelle 200g,Condiments,Bizerte,Online,10,6.5,0.0,65.0,33.0
2433,04/03/2025,Harissa 1kg (pro),Condiments,Bizerte,Wholesale,12,24.0,0.0,288.0,138.0
3324,2025-09-08,Harissa Traditionnelle 200g,Condiments,Sousse,Wholesale,30,6.5,0.0,195.0,99.0
2283,2025-01-30,Miel de Thym 250g,Honey,Bizerte,Retail,6,32.0,,192.0,72.0
2769,2025-05-17,Miel de Thym 250g,Honey,Sfax,Retail,20,32.0,0.0,640.0,240.0
2036,2024-12-15,Dattes Deglet Nour 5kg,Dates,Tunis,Retail,4,62.0,0.0,248.0,92.0
2181,2025-01-06,Couscous Complet 1kg,Grains,Tunis,Online,1,7.2,5.0,6.84,2.74
2646,2025-04-15,Couscous Fin 1kg,Grains,Tunis,Retail,10,5.8,0.0,58.0,24.0
1469,2024-08-11,Dattes Deglet Nour 5kg,Dates,Sfax,Wholesale,24,62.0,0.0,1488.0,552.0
2977,2025-06-29,Dattes Deglet Nour 5kg,Dates,Sousse,Retail,3,62.0,0.0,186.0,69.0
1244,2024-06-10,Huile d'Olive Extra Vierge 1L,Olive Oil,Gabes,Wholesale,4,28.5,10.0,102.6,26.6
2094,2024-12-23,Couscous Complet 1kg,Grains,Tunis,Wholesale,8,7.2,0.0,57.6,24.8
1629,2024-09-27,Dattes Deglet Nour 5kg,Dates,Tunis,Retail,12,62.0,0.0,744.0,276.0
1745,2024-10-22,Harissa Traditionnelle 200g,Condiments,Sfax,ONLINE,12,6.5,0.0,78.0,39.6
2524,2025-03-22,Huile d'Olive Extra Vierge 5L,Olive Oil,Sfax,Online,3,132.0,15.0,336.6,60.6
1945,2024-11-28,Bsissa Traditionnelle 500g,Grains,Sousse,Wholesale,4,9.5,0.0,38.0,18.0
1029,2024-04-09,Harissa 1kg (pro),Condiments,Sfax,Online,10,24.0,5.0,228.0,103.0
2289,2025-01-31,Couscous Fin 1kg,Grains,Gabes,Wholesale,40,5.8,5.0,220.4,84.4
2597,2025-04-05,Harissa 1kg (pro),Condiments,Sfax,Wholesale,30,24.0,0.0,720.0,345.0
1139,2024-05-06,Huile d'Olive Extra Vierge 1L,Olive Oil,Tunis,Online,1,28.5,10.0,25.65,6.65
3014,2025-07-06,Miel de Thym 250g,Honey,Sousse,Wholesale,3,32.0,0.0,96.0,36.0
2228,2025-01-16,Dattes Deglet Nour 5kg,Dates,Monastir,Wholesale,4,62.0,5.0,235.6,79.6
3166,2025-08-05,Harissa 1kg (pro),Condiments,Tunis,Online,6,24.0,0.0,144.0,69.0
3344,2025-09-11,Miel de Thym 250g,Honey,Tunis,Online,4,32.0,0.0,128.0,48.0
1482,2024-08-14,Couscous Complet 1kg,Grains,Sfax,Retail,1,7.2,0.0,7.2,3.1
3165,2025-08-05,Harissa 1kg (pro),Condiments,Sfax,Retail,12,24.0,0.0,288.0,138.0
2741,2025-05-09,Dattes Deglet Nour 1kg,Dates,Tunis,Retail,4,14.0,0.0,56.0,22.0
2520,2025-03-21,Miel de Thym 250g,Honey,Tunis,Retail,1,32.0,0.0,32.0,12.0
3271,2025-08-27,Harissa 1kg (pro),Condiments,Tunis,Retail,2,24.0,10.0,43.2,18.2
1101,2024-04-27,Dattes Deglet Nour 1kg,Dates,Gabes,Retail,3,14.0,,42.0,16.5
1493,2024-08-19,Couscous Fin 1kg,Grains,Tunis,Online,1,5.8,5.0,5.51,2.11
1102,2024-04-27,Harissa Traditionnelle 200g,Condiments,Monastir,Retail,4,6.5,,24.7,11.9
1152,2024-05-10,Couscous Complet 1kg,Grains,Sfax,Online,4,7.2,0.0,28.8,12.4
2594,2025-04-05,Dattes Deglet Nour 5kg,Dates,Monastir,Online,3,62.0,0.0,186.0,69.0
2985,2025-06-30,Dattes Deglet Nour 1kg,Dates,Bizerte,WHOLESALE,12,14.0,5.0,159.6,57.6
1346,2024-07-08,Couscous Complet 1kg,Grains,Tunis,Retail,12,7.2,0.0,86.4,37.2
1186,2024-05-25,Couscous Complet 1kg,Grains,Sfax,Wholesale,36,7.2,0.0,259.2,111.6
3063,2025-07-15,Huile d'Olive Extra Vierge 5L,Olive Oil,Sousse,Wholesale,3,132.0,10.0,356.4,80.4
2596,2025-04-05,Couscous Complet 1kg,Grains,Sousse,Retail,3,7.2,5.0,20.52,8.22
3124,2025-07-27,Huile d'Olive Extra Vierge 5L,Olive Oil,Bizerte,Wholesale,3,132.0,10.0,356.4,80.4
1387,2024-07-18,Miel de Thym 250g,Honey,Sfax,Wholesale,6,32.0,5.0,182.4,62.4
3379,2025-09-17,Bsissa Traditionnelle 500g,Grains,Monastir,Online,1,9.5,5.0,9.03,4.03
3052,2025-07-13,Couscous Fin 1kg,Grains,Tunis,Wholesale,15,5.8,0.0,87.0,36.0
1033,2024-04-09,Huile d'Olive Extra Vierge 1L,Olive Oil,Tunis,Retail,3,28.5,15.0,72.67,15.67
2879,2025-06-06,Huile d'Olive Extra Vierge 1L,Olive Oil,Gabes,Retail,4,28.5,5.0,108.3,32.3
1412,2024-07-25,Dattes Deglet Nour 1kg,Dates,Sousse,Wholesale,15,14.0,0.0,210.0,82.5
1807,2024-10-31,Couscous Complet 1kg,Grains,Monastir,Retail,1,7.2,0.0,7.2,3.1
1896,2024-11-18,Huile d'Olive Extra Vierge 5L,Olive Oil,Tunis,Online,2,132.0,5.0,250.8,66.8
2429,2025-03-03,Harissa Traditionnelle 200g,Condiments,Tunis,Wholesale,10,6.5,0.0,65.0,33.0
1595,2024-09-17,Dattes Deglet Nour 1kg,Dates,Tunis,Wholesale,40,14.0,0.0,560.0,220.0
1161,2024-05-14,Dattes Deglet Nour 1kg,Dates,Sousse,Wholesale,12,14.0,0.0,168.0,66.0
3001,2025-07-04,Bsissa Traditionnelle 500g,Grains,Gabes,Wholesale,6,9.5,0.0,57.0,27.0
2589,2025-04-04,Huile d'Olive Extra Vierge 5L,Olive Oil,Tunis,Retail,2,132.0,5.0,250.8,66.8
2952,2025-06-23,Couscous Complet 1kg,Grains,Bizerte,Retail,2,7.2,0.0,14.4,6.2
1853,2024-11-09,Dattes Deglet Nour 1kg,Dates,Sousse,Wholesale,22,14.0,0.0,308.0,121.0
1442,2024-08-04,Harissa Traditionnelle 200g,Condiments,Tunis,Wholesale,5,6.5,5.0,30.88,14.88
2902,2025-06-12,Dattes Deglet Nour 5kg,Dates,Tunis,Retail,10,62.0,0.0,620.0,230.0
1113,2024-04-28,Couscous Complet 1kg,Grains,Tunis,Wholesale,80,7.2,5.0,547.2,219.2
3304,2025-09-04,Dattes Deglet Nour 5kg,Dates,Monastir,Retail,3,62.0,10.0,167.4,50.4
2198,2025-01-10,Dattes Deglet Nour 1kg,Dates,Bizerte,Online,6,14.0,0.0,84.0,33.0
1655,02/10/2024,Harissa 1kg (pro),Condiments,Bizerte,Online,3,24.0,5.0,68.4,30.9
2225,2025-01-15,Harissa 1kg (pro),Condiments,Sfax,Online,3,24.0,0.0,72.0,34.5
2037,2024-12-15,Couscous Complet 1kg,Grains,Tunis,Wholesale,9,7.2,,64.8,27.9
3377,2025-09-17,Harissa Traditionnelle 200g,Condiments,Monastir,Online,3,6.5,0.0,19.5,9.9
1171,2024-05-20,Couscous Fin 1kg,Grains,Gabes,Online,3,5.8,0.0,17.4,7.2
1446,2024-08-04,Dattes Deglet Nour 1kg,Dates,Sousse,Retail,1,14.0,5.0,13.3,4.8
1897,2024-11-18,Dattes Deglet Nour 5kg,Dates,Tunis,Wholesale,88,62.0,0.0,5456.0,2024.0
2143,2024-12-30,Harissa Traditionnelle 200g,Condiments,Bizerte,Online,2,6.5,0.0,13.0,6.6
3443,2025-09-28,Miel de Thym 250g,Honey,Tunis,Online,1,32.0,0.0,32.0,12.0
2121,2024-12-28,Dattes Deglet Nour 5kg,Dates,Gabes,Retail,22,62.0,0.0,1364.0,506.0
3177,2025-08-07,Huile d'Olive Extra Vierge 1L,Olive Oil,Tunis,Retail,20,28.5,15.0,484.5,104.5
1970,2024-12-02,Huile d'Olive Extra Vierge 1L,Olive Oil,Tunis,Retail,6,28.5,15.0,145.35,31.35
1691,2024-10-09,Harissa 1kg (pro),Condiments,Monastir,Wholesale,40,24.0,0.0,960.0,460.0
1226,2024-06-06,Couscous Complet 1kg,Grains,Bizerte,Retail,3,7.2,0.0,21.6,9.3
1727,2024-10-17,Miel de Thym 250g,Honey,Monastir,Retail,2,32.0,5.0,60.8,20.8
1920,2024-11-22,Harissa 1kg (pro),Condiments,Tunis,WHOLESALE,3,24.0,0.0,72.0,34.5
2545,2025-03-25,Couscous Fin 1kg,Grains,Bizerte,Retail,10,5.8,10.0,52.2,18.2
1003,2024-04-01,Harissa Traditionnelle 200g,Condiments,Sousse,Retail,6,6.5,0.0,39.0,19.8
2550,2025-03-26,Harissa Traditionnelle 200g,Condiments,Sfax,Retail,3,6.5,10.0,17.55,7.95
2415,2025-03-01,Huile d'Olive Extra Vierge 5L,Olive Oil,Tunis,Retail,12,132.0,5.0,1504.8,400.8
2342,2025-02-14,Huile d'Olive Extra Vierge 5L,Olive Oil,Sousse,Retail,1,132.0,10.0,118.8,26.8
1382,2024-07-17,Bsissa Traditionnelle 500g,Grains,Bizerte,wholesale,6,9.5,0.0,57.0,27.0
1424,2024-07-29,Huile d'Olive Extra Vierge 5L,Olive Oil,Monastir,Wholesale,12,132.0,10.0,1425.6,321.6
2954,2025-06-24,Harisa Traditionnelle 200g,Condiments,Sousse,Retail,1,6.5,5.0,6.17,2.97
1937,2024-11-26,Dattes Deglet Nour 1kg,Dates,Bizerte,Retail,4,14.0,0.0,56.0,22.0
1525,2024-08-28,Dattes Deglet Nour 5kg,Dates,Monastir,Retail,1,62.0,5.0,58.9,19.9
1604,2024-09-19,Miel de Thym 250g,Honey,Monastir,Retail,1,32.0,0.0,32.0,12.0
1242,2024-06-09,Miel de Thym 250g,Honey,Tunis,Wholesale,36,32.0,0.0,1152.0,432.0
1657,2024-10-03,Bsissa Traditionnelle 500g,Grains,Sfax,Online,1,9.5,0.0,9.5,4.5
1784,2024-10-28,Harissa Traditionnelle 200g,Condiments,Tunis,Wholesale,8,6.5,5.0,49.4,23.8
1176,2024-05-22,Miel de Thym 250g,Honey,Tunis,Retail,1,32.0,0.0,32.0,12.0
3185,2025-08-09,Huile d'Olive Extra Vierge 1L,Olive Oil,Bizerte,retail,4,28.5,0.0,114.0,38.0
3362,2025-09-14,Bsissa Traditionnelle 500g,Grains,Tunis,Online,10,9.5,5.0,90.25,40.25
1977,2024-12-03,Harissa Traditionnelle 200g,Condiments,Bizerte,Wholesale,10,6.5,0.0,65.0,33.0
1398,2024-07-21,Dattes Deglet Nour 1kg,Dates,Sfax,Retail,1,14.0,0.0,14.0,5.5
2421,2025-03-02,Harissa Traditionnelle 200g,Condiments,Gabes,Retail,3,6.5,0.0,19.5,9.9
3371,2025-09-16,Couscous Fin 1kg,Grains,Tunis,Retail,6,5.8,5.0,33.06,12.66
1477,2024-08-12,Dattes Deglet Nour 5kg,Dates,Bizerte,Retail,2,62.0,0.0,124.0,46.0
2757,2025-05-14,Bsissa Traditionnelle 500g,Grains,Tunis,Retail,4,9.5,5.0,36.1,16.1
2187,07/01/2025,Harissa 1kg (pro),Condiments,Gabes,Retail,20,24.0,0.0,480.0,230.0
2583,2025-04-03,Harissa 1kg (pro),Condiments,Tunis,Wholesale,15,24.0,0.0,360.0,172.5
1288,2024-06-20,Couscous Complet 1kg,Grains,Gabes,Retail,3,7.2,0.0,21.6,9.3
1435,2024-08-02,Couscous Complet 1kg,Grains,Tunis,Retail,12,7.2,0.0,86.4,37.2
2108,2024-12-25,Bsissa Traditionnelle 500g,Grains,Sfax,Online,1,9.5,5.0,9.03,4.03
2140,2024-12-30,Harissa 1kg (pro),Condiments,Tunis,Retail,1,24.0,0.0,24.0,11.5
2795,2025-05-23,Miel de Thym 250g,Honey,Bizerte,Retail,1,32.0,0.0,32.0,12.0
1263,2024-06-15,Harissa Traditionnelle 200g,Condiments,Sousse,Wholesale,4,6.5,0.0,26.0,13.2
1550,2024-09-06,Couscous Fin 1kg,Grains,Tunis,Retail,1,5.8,0.0,5.8,2.4
2555,2025-03-27,Huile d'Olive Extra Vierge 1L,Olive Oil,Gabes,Retail,2,28.5,0.0,57.0,19.0
1750,2024-10-22,Huile d'Olive Extra Vierge 1L,Olive Oil,Monastir,Retail,1,28.5,0.0,28.5,9.5
1671,2024-10-05,Bsissa Traditionnelle 500g,Grains,Sfax,RETAIL,4,9.5,0.0,38.0,18.0
2517,2025-03-21,Couscous Fin 1kg,Grains,Tunis,Retail,4,5.8,0.0,23.2,9.6
1270,2024-06-17,Harissa 1kg (pro),Condiments,Bizerte,Retail,-5,24.0,0.0,24.0,11.5
2576,2025-04-02,Huile d'Olive Extra Vierge 1L,Olive Oil,Sousse,Retail,2,28.5,15.0,48.45,10.45
3076,2025-07-18,Couscous Complet 1kg,Grains,Tunis,Retail,1,7.2,0.0,7.2,3.1
1246,2024-06-10,Miel de Thym 250g,Honey,Monastir,Retail,1,32.0,0.0,32.0,12.0
2895,2025-06-12,Bsissa Traditionnelle 500g,Grains,Tunis,Wholesale,40,9.5,0.0,380.0,180.0
2705,2025-04-29,Couscous Fin 1kg,Grains,Sfax,Online,1,5.8,0.0,5.8,2.4
2592,2025-04-05,Bsissa Traditionnelle 500g,Grains,Sfax,Wholesale,15,9.5,0.0,142.5,67.5
2301,2025-02-03,Couscous Fin 1kg,Grains,Sfax,Wholesale,10,5.8,0.0,58.0,24.0
2950,2025-06-23,Harissa Traditionnelle 200g,Condiments,Sfax,Retail,20,6.5,0.0,130.0,66.0
1084,2024-04-23,Harissa 1kg (pro),Condiments,Monastir,Wholesale,15,24.0,5.0,342.0,154.5
1133,2024-05-04,Dattes Deglet Nour 1kg,Dates,Sfax,Retail,1,14.0,,14.0,5.5
1209,2024-05-31,Harissa Traditionnelle 200g,Condiments,Bizerte,Online,1,6.5,0.0,6.5,3.3
3281,2025-08-29,Couscous Complet 1kg,Grains,Sfax,Retail,3,7.2,0.0,21.6,9.3
1824,2024-11-03,Harissa 1kg (pro),Condiments,Gabes,Retail,1,24.0,0.0,24.0,11.5
2105,2024-12-24,Couscous Complet 1kg,Grains,Sfax,Retail,1,7.2,0.0,7.2,3.1
1915,2024-11-21,Miel de Thym 250g,Honey,Bizerte,Online,3,32.0,0.0,96.0,36.0
1694,2024-10-09,Huile d'Olive Extra Vierge 5L,Olive Oil,Tunis,Wholesale,40,132.0,10.0,4752.0,1072.0
2785,2025-05-21,Dattes Deglet Nour 5kg,Dates,Tunis,Retail,4,62.0,5.0,235.6,79.6
1342,2024-07-06,Miel de Thym 250g,Honey,Gabes,Retail,6,32.0,0.0,192.0,72.0
1169,2024-05-19,Harissa Traditionnelle 200g,Condiments,Monastir,Retail,4,6.5,0.0,26.0,13.2
1155,2024-05-11,Miel de Thym 250g,Honey,Sousse,Retail,10,32.0,0.0,320.0,120.0
1961,2024-11-30,Harissa 1kg (pro),Condiments,Sousse,Online,4,24.0,0.0,96.0,46.0
1192,2024-05-26,Bsissa Traditionnelle 500g,Grains,Bizerte,Wholesale,30,9.5,5.0,270.75,120.75
2966,2025-06-27,Harissa 1kg (pro),Condiments,Sfax,Retail,12,24.0,,288.0,138.0
3366,2025-09-15,Huile d'Olive Extra Vierge 5L,Olive Oil,Tunis,online,3,132.0,0.0,396.0,120.0
1206,2024-05-30,Harissa Traditionnelle 200g,Condiments,Tunis,Wholesale,3,6.5,0.0,19.5,9.9
2777,2025-05-19,Dattes Deglet Nour 1kg,Dates,Tunis,Retail,20,14.0,0.0,280.0,110.0
1386,2024-07-18,Miel de Thym 250g,Honey,Gabes,Retail,2,32.0,0.0,64.0,24.0
2336,2025-02-13,Huile d'Olive Extra Vierge 5L,Olive Oil,Monastir,Retail,2,132.0,10.0,237.6,53.6
3205,2025-08-13,Dattes Deglet Nour 5kg,Dates,Gabes,Retail,1,62.0,5.0,58.9,19.9
2580,2025-04-03,Couscous Complet 1kg,Grains,Tunis,Wholesale,12,7.2,0.0,86.4,37.2
1932,2024-11-24,Harissa 1kg (pro),Condiments,Tunis,Online,2,24.0,0.0,48.0,23.0
2743,2025-05-10,Huile d'Olive Extra Vierge 5L,Olive Oil,Tunis,Retail,6,132.0,15.0,673.2,121.2
1425,2024-07-29,Couscous Fin 1kg,Grains,Gabes,Retail,20,5.8,,116.0,48.0
2687,2025-04-25,Huile d'Olive Extra Vierge 5L,Olive Oil,Tunis,Retail,2,132.0,5.0,250.8,66.8
3445,2025-09-29,Huile d'Olive Extra Vierge 5L,Olive Oil,Sfax,Retail,3,132.0,20.0,316.8,40.8
2088,2024-12-22,Bsissa Traditionnelle 500g,Grains,Bizerte,Wholesale,6,9.5,10.0,51.3,21.3
1187,2024-05-25,Miel de Thym 250g,Honey,Tunis,Wholesale,4,32.0,0.0,128.0,48.0
2294,2025-02-01,Huile d'Olive Extra Vierge 1L,Olive Oil,Gabes,Wholesale,4,28.5,5.0,108.3,32.3
3360,2025-09-14,Harissa 1kg (pro),Condiments,Sfax,Wholesale,4,24.0,0.0,96.0,46.0
3035,2025-07-08,Bsissa Traditionnelle 500g,Grains,Tunis,Retail,1,9.5,0.0,9.5,4.5
2331,2025-02-12,Miel de Thym 250g,Honey,Sousse,Wholesale,3,32.0,0.0,96.0,36.0
2114,2024-12-26,Miel de Thym 250g,Honey,Monastir,Online,3,32.0,0.0,96.0,36.0
2972,2025-06-28,Huile d'Olive Extra Vierge 5L,Olive Oil,Sfax,Wholesale,18,132.0,0.0,2376.0,720.0
2932,2025-06-19,Harissa Traditionnelle 200g,Condiments,Sfax,Retail,4,6.5,0.0,26.0,13.2
1794,2024-10-29,Miel de Thym 250g,Honey,Sousse,Retail,2,32.0,0.0,64.0,24.0
3229,2025-08-17,Huile d'Olive Extra Vierge 5L,Olive Oil,Tunis,Online,3,132.0,20.0,316.8,40.8
2107,2024-12-24,Dattes Deglet Nour 1kg,Dates,Sousse,Retail,22,14.0,0.0,308.0,121.0
2287,2025-01-31,Harissa 1kg (pro),Condiments,Sfax,Online,6,24.0,5.0,136.8,61.8
2184,2025-01-07,Couscous Complet 1kg,Grains,Bizerte,Wholesale,12,7.2,0.0,86.4,37.2
2962,2025-06-26,Couscous Fin 1kg,Grains,Sfax,Wholesale,8,5.8,0.0,46.4,19.2
1652,2024-10-02,Miel de Thym 250g,Honey,Gabes,Wholesale,15,32.0,0.0,480.0,180.0
1753,2024-10-23,Bsissa Traditionnelle 500g,Grains,Tunis,Online,2,9.5,5.0,18.05,8.05
1579,2024-09-13,Harissa 1kg (pro),Condiments,Tunis,Online,6,24.0,10.0,129.6,54.6
2633,2025-04-11,Dattes Deglet Nour 1kg,Dates,Tunis,Wholesale,5,14.0,0.0,70.0,27.5
1919,22/11/2024,Huile d'Olive Extra Vierge 1L,Olive Oil,Gabes,Retail,12,28.5,10.0,307.8,79.8
1520,2024-08-26,Miel de Thym 250g,Honey,Tunis,Online,1,32.0,10.0,28.8,8.8
2577,2025-04-02,Harissa 1kg (pro),Condiments,Sfax,Wholesale,5,24.0,0.0,120.0,57.5
2946,2025-06-21,Huile d'Olive Extra Vierge 5L,Olive Oil,Gabes,Retail,2,132.0,0.0,264.0,80.0
2138,2024-12-30,Bsissa Traditionnelle 500g,Grains,Bizerte,Wholesale,4,9.5,0.0,38.0,18.0
1956,2024-11-30,Dattes Deglet Nour 5kg,Dates,Bizerte,Wholesale,88,62.0,0.0,5456.0,2024.0
1107,2024-04-27,Miel de Thym 250g,Honey,Tunis,Wholesale,16,32.0,5.0,486.4,166.4
2643,2025-04-13,Huile d'Olive Extra Vierge 5L,Olive Oil,Sousse,Retail,2,132.0,5.0,250.8,66.8
1349,2024-07-09,Miel de Thym 250g,Honey,Tunis,Wholesale,4,32.0,0.0,128.0,48.0
2906,2025-06-13,Huile d'Olive Extra Vierge 1L,Olive Oil,Gabes,Wholesale,3,28.5,0.0,85.5,28.5
2504,2025-03-17,Huile d'Olive Extra Vierge 1L,Olive Oil,Gabes,Retail,2,28.5,10.0,51.3,13.3
1058,2024-04-14,Couscous Complet 1kg,Grains,Monastir,Wholesale,9,7.2,5.0,61.56,24.66
3233,2025-08-18,Dattes Deglet Nour 5kg,Dates,Tunis,Retail,6,62.0,0.0,372.0,138.0
1028,2024-04-09,Couscous Complet 1kg,Grains,Sousse,Retail,12,7.2,0.0,86.4,37.2
3168,2025-08-05,Harissa 1kg (pro),Condiments,Sfax,Wholesale,8,24.0,,192.0,92.0
2339,2025-02-13,Miel de Thym 250g,Honey,Sfax,Online,12,32.0,10.0,345.6,105.6
3208,2025-08-14,Huile d'Olive Extra Vierge 5L,Olive Oil,Bizerte,Retail,10,132.0,5.0,1254.0,334.0
1762,2024-10-25,Huile d'Olive Extra Vierge 5L,Olive Oil,Gabes,Online,1,132.0,5.0,125.4,33.4
3286,2025-08-30,Harissa Traditionnelle 200g,Condiments,Tunis,Retail,3,6.5,0.0,19.5,9.9
1797,2024-10-30,Dattes Deglet Nour 5kg,Dates,Tunis,Wholesale,9999,62.0,5.0,353.4,119.4
3200,2025-08-12,Miel de Thym 250g,Honey,Tunis,Retail,3,32.0,10.0,86.4,26.4
3266,2025-08-26,Dattes Deglet Nour 1kg,Dates,Sfax,Retail,1,14.0,5.0,13.3,4.8
1646,2024-10-01,Dattes Deglet Nour 5kg,Dates,Sfax,Wholesale,11,62.0,0.0,682.0,253.0
1331,2024-07-03,Harissa 1kg (pro),Condiments,Tunis,Retail,2,24.0,10.0,43.2,18.2
2759,2025-05-14,Harissa Traditionnelle 200g,Condiments,Sousse,Retail,6,6.5,5.0,37.05,17.85
1828,2024-11-04,Couscous Complet 1kg,Grains,Bizerte,Retail,2,7.2,0.0,14.4,6.2
2893,2025-06-10,Miel de Thym 250g,Honey,Gabes,Retail,12,32.0,5.0,364.8,124.8
2700,2025-04-28,Bsissa Traditionnelle 500g,Grains,Tunis,Online,12,9.5,5.0,108.3,48.3
1527,2024-08-28,Couscous Complet 1kg,Grains,Sfax,Retail,20,7.2,0.0,144.0,62.0
2623,2025-04-09,Couscous Fin 1kg,Grains,Gabes,Retail,1,5.8,5.0,5.51,2.11
2149,2024-12-31,Huile d'Olive Extra Vierge 1L,Olive Oil,Sousse,Wholesale,15,28.5,15.0,363.38,78.38
1786,2024-10-28,Dattes Deglet Nour 5kg,Dates,Tunis,Retail,8,62.0,0.0,496.0,184.0
2878,06/06/2025,Bsissa Traditionnelle 500g,Grains,,Retail,6,9.5,0.0,57.0,27.0
3102,2025-07-24,Dattes Deglet Nour 5kg,Dates, Tunis ,Online,2,62.0,5.0,117.8,39.8
2833,2025-05-29,Dattes Deglet Nour 1 Kg,Dates,Gabes,Wholesale,5,14.0,10.0,63.0,20.5
3401,2025-09-20,Harissa 1kg (pro),Condiments,Tunis,Wholesale,5,24.0,0.0,120.0,57.5
3182,2025-08-08,Miel de Thym 250g,Honey,Tunis,Wholesale,8,32.0,0.0,256.0,96.0
2434,2025-03-04,Huile d'Olive Extra Vierge 1L,Olive Oil,Sousse,Retail,2,28.5,15.0,48.45,10.45
1806,2024-10-31,Couscous Complet 1kg,Grains,Tunis,Wholesale,10,7.2,0.0,72.0,31.0
2180,2025-01-06,Couscous Complet 1kg,Grains,Sfax,Retail,20,7.2,0.0,144.0,62.0
3329,2025-09-09,Dattes Deglet Nour 1kg,Dates,Tunis,Retail,10,14.0,0.0,140.0,55.0
3146,2025-08-01,Dattes Deglet Nour 1kg,Dates,Sfax,Retail,4,14.0,0.0,56.0,22.0
2483,2025-03-14,Dattes Deglet Nour 5kg,Dates,Tunis,Retail,1,62.0,0.0,62.0,23.0
2246,2025-01-19,Harissa 1kg (pro),Condiments,,Wholesale,10,24.0,5.0,228.0,103.0
3268,2025-08-26,Huile d'Olive Extra Vierge 5L,Olive Oil,Tunis,Retail,10,132.0,15.0,1122.0,202.0
2399,2025-02-26,Couscous Fin 1kg,Grains,Sfax,Retail,1,5.8,10.0,5.22,1.82
1906,2024-11-20,Huile d'Olive Extra Vierge 5L,Olive Oil,Bizerte,Retail,4,132.0,15.0,448.8,80.8
1674,2024-10-06,Dattes Deglet Nour 1kg,Dates,Tunis,Wholesale,11,14.0,0.0,154.0,60.5
1615,2024-09-23,Miel de Thym 250g,Honey,Sousse,Retail,3,32.0,0.0,96.0,36.0
2081,2024-12-20,Dattes Deglet Nour 1kg,Dates,Sousse,Retail,2,14.0,0.0,28.0,11.0
3432,2025-09-26,Harissa Traditionnelle 200g,Condiments,Sfax,Retail,3,6.5,10.0,17.55,7.95
2056,2024-12-18,Huile d'Olive Extra Vierge 1L,Olive Oil,Sfax,Retail,10,28.5,0.0,285.0,95.0
1778,2024-10-27,Couscous Fin 1kg,Grains,Sfax,Retail,1,5.8,0.0,5.8,2.4
2781,2025-05-20,Harissa 1kg (pro),Condiments,Bizerte,Retail,2,24.0,10.0,43.2,18.2
1821,2024-11-03,Bsissa Traditionnelle 500g,Grains,Tunis,Wholesale,12,9.5,0.0,114.0,54.0
2033,2024-12-14,Dattes Deglet Nour 5kg,Dates,Sfax,Retail,22,62.0,0.0,1364.0,506.0
3312,2025-09-06,Miel de Thym 250g,Honey,Tunis,Retail,1,32.0,0.0,32.0,12.0
1054,2024-04-14,Miel de Thym 250g,Honey,Sfax,Retail,3,32.0,5.0,91.2,31.2
2481,2025-03-14,Huile d'Olive Extra Vierge 1L,Olive Oil,Sfax,Wholesale,30,28.5,10.0,769.5,199.5
2130,2024-12-29,Huile d'Olive Extra Vierge 1L,Olive Oil,Tunis,Retail,12,28.5,15.0,290.7,62.7
2460,2025-03-09,Huile d'Olive Extra Vierge 1L,Olive Oil,Sousse,Retail,4,28.5,5.0,108.3,32.3
1688,2024-10-08,Huile d'Olive Extra Vierge 5L,Olive Oil,Gabes,Online,2,132.0,10.0,237.6,53.6
1630,2024-09-27,Dattes Deglet Nour 5kg,Dates,Monastir,Retail,1,62.0,0.0,62.0,23.0
2011,2024-12-09,Harissa 1kg (pro),Condiments,Tunis,Retail,20,24.0,0.0,480.0,230.0
2250,2025-01-21,Harissa 1kg (pro),Condiments,Bizerte,Wholesale,3,24.0,0.0,72.0,34.5
1941,27/11/2024,Huile d'Olive Extra Vierge 5L,Olive Oil,Gabes,Online,6,132.0,10.0,712.8,160.8
2123,2024-12-28,Dattes Deglet Nour 5kg,Dates,Sfax,Retail,13,62.0,0.0,806.0,299.0
3196,2025-08-11,Bsissa Traditionnelle 500g,Grains,Tunis,Retail,3,9.5,0.0,28.5,13.5
2286,2025-01-31,Harissa Traditionnelle 200g,Condiments,Bizerte,Online,6,6.5,0.0,39.0,19.8
3454,2025-09-30,Huile d'Olive Extra Vierge 1L,Olive Oil,Sfax,Retail,1,28.5,5.0,27.07,8.07
1815,2024-11-02,Huile d'Olive Extra Vierge 5L,Olive Oil,Sfax,Retail,1,132.0,10.0,118.8,26.8
1070,2024-04-18,Couscous Fin 1kg,Grains,Tunis,Wholesale,3,5.8,0.0,17.4,7.2
2054,2024-12-17,Bsissa Traditionnelle 500g,Grains,Bizerte,Wholesale,15,9.5,0.0,142.5,67.5
3222,2025-08-16,Couscous Complet 1kg,Grains,Sfax,Online,4,7.2,10.0,25.92,9.52
1851,2024-11-08,Miel de Thym 250g,Honey,Monastir,Retail,2,32.0,0.0,64.0,24.0
1601,2024-09-18,Harissa 1kg (pro),Condiments,Monastir,Wholesale,10,24.0,0.0,240.0,115.0
1497,2024-08-20,Miel de Thym 250g,Honey,Sousse,Retail,3,32.0,,96.0,36.0
1968,2024-12-02,Miel de Thym 250g,Honey,Gabes,Wholesale,18,32.0,0.0,576.0,216.0
3008,2025-07-05,Dattes Deglet Nour 1kg,Dates,Sfax,Retail,10,14.0,0.0,140.0,55.0
1303,2024-06-26,Huile d'Olive Extra Vierge 1L,Olive Oil,Sfax,Retail,1,28.5,5.0,27.07,8.07
1332,2024-07-03,Harissa 1kg (pro),Condiments,Tunis,Wholesale,10,24.0,5.0,228.0,103.0
3232,2025-08-18,Couscous Complet 1kg,Grains,Tunis,Retail,2,7.2,5.0,13.68,5.48
1159,2024-05-13,Bsissa Traditionnelle 500g,Grains,Sfax,Retail,1,9.5,5.0,9.03,4.03
2124,2024-12-28,Couscous Complet 1kg,Grains,Sfax,Wholesale,3,7.2,0.0,21.6,9.3
2512,2025-03-19,Harissa Traditionnelle 200g,Condiments,Sfax,Wholesale,100,6.5,0.0,650.0,330.0
1099,2024-04-26,Huile d'Olive Extra Vierge 1L,Olive Oil,Tunis,Retail,12,28.5,5.0,324.9,96.9
3187,2025-08-09,Huile d'Olive Extra Vierge 5L,Olive Oil,Sfax,Retail,6,132.0,0.0,792.0,240.0
2822,2025-05-27,Harissa Traditionnelle 200g,Condiments,Tunis,Wholesale,8,6.5,0.0,52.0,26.4
2815,2025-05-26,Bsissa Traditionnelle 500g,Grains,Sfax,Retail,3,9.5,0.0,28.5,13.5
3107,2025-07-25,Bsissa Traditionnelle 500g,Grains,Bizerte,Online,12,9.5,0.0,114.0,54.0
1561,09/09/2024,Couscous Complet 1kg,Grains,Gabes,Retail,1,7.2,0.0,7.2,3.1
2168,2025-01-04,Bsissa Traditionnelle 500g,Grains,,Retail,3,9.5,0.0,28.5,13.5
2689,2025-04-26,Couscous Fin 1kg,Grains,Tunis,Wholesale,16,5.8,0.0,92.8,38.4
1252,2024-06-12,Couscous Complet 1kg,Grains,Tunis,Wholesale,4,7.2,0.0,28.8,12.4
3089,2025-07-21,Harissa Traditionnelle 200g,Condiments,Tunis,Retail,10,6.5,0.0,65.0,33.0
1116,2024-04-29,Miel de Thym 250g,Honey,Bizerte,Retail,2,32.0,10.0,57.6,17.6
2701,2025-04-28,Couscous Complet 1kg,Grains,Sousse,Wholesale,15,7.2,0.0,108.0,46.5
1640,2024-09-30,Harissa Traditionnelle 200g,Condiments,Sousse,Retail,4,6.5,0.0,26.0,13.2
1016,2024-04-05,Dattes Deglet Nour 5kg,Dates,Sousse,Retail,1,62.0,0.0,62.0,23.0
1587,2024-09-16,Couscous Fin 1kg,Grains,Gabes,Wholesale,8,5.8,5.0,44.08,16.88
2106,2024-12-24,Huile d'Olive Extra Vierge 1L,Olive Oil,Sousse,Wholesale,30,28.5,,684.0,114.0
1684,2024-10-08,Miel de Thym 250g,Honey,Sfax,Retail,4,32.0,0.0,128.0,48.0
2584,2025-04-03,Dattes Deglet Nour 5kg,Dates,Gabes,Retail,6,62.0,0.0,372.0,138.0
2290,2025-01-31,Dattes Deglet Nour 5kg,Dates,Tunis,Retail,2,62.0,0.0,124.0,46.0
2179,2025-01-06,Huile d'Olive Extra Vierge 5L,Olive Oil,Sousse,Retail,3,132.0,10.0,356.4,80.4
1142,2024-05-06,Harissa 1kg (pro),Condiments,Tunis,Wholesale,12,24.0,0.0,288.0,138.0
1703,2024-10-12,Harissa Traditionnelle 200g,Condiments,Sousse,Online,1,6.5,0.0,6.5,3.3
1065,2024-04-16,Couscous Complet 1kg,Grains,Sfax,Online,4,7.2,,25.92,9.52
1180,2024-05-23,Bsissa Traditionnelle 500g,Grains,Sfax,Wholesale,10,9.5,0.0,95.0,45.0
2622,2025-04-09,Bsissa Traditionnelle 500g,Grains,Sousse,Retail,4,9.5,0.0,38.0,18.0
2478,2025-03-14,Huile d'Olive Extra Vierge 1L,Olive Oil,Sfax,Retail,6,28.5,5.0,162.45,48.45
3425,2025-09-24,Harissa Traditionnelle 200g,Condiments,Sfax,Wholesale,5,6.5,0.0,32.5,16.5
2511,2025-03-19,Harissa Traditionnelle 200g,Condiments,Gabes,Retail,2,6.5,0.0,13.0,6.6
2049,2024-12-16,Dattes Deglet Nour 1kg,Dates,Bizerte,Retail,8,14.0,0.0,112.0,44.0
3186,2025-08-09,Harissa Traditionnelle 200g,Condiments,Monastir,Retail,1,6.5,5.0,6.17,2.97
2388,2025-02-23,Dattes Deglet Nour 1kg,Dates,Tunis,Retail,20,14.0,0.0,280.0,110.0
1450,06/08/2024,Bsissa Traditionnelle 500g,Grains,Tunis,Wholesale,5,9.5,0.0,47.5,22.5
2231,2025-01-16,Dattes Deglet Nour 5kg,Dates,Monastir,Retail,1,62.0,5.0,58.9,19.9
2539,2025-03-24,Bsissa Traditionnelle 500g,Grains,Tunis,Retail,6,9.5,0.0,57.0,27.0
1290,2024-06-21,Bsissa Traditionnelle 500g,Grains,Sfax,Online,1,9.5,0.0,9.5,4.5
1193,2024-05-26,Huile d'Olive Extra Vierge 5L,Olive Oil,Tunis,RETAIL,3,132.0,0.0,396.0,120.0
1545,2024-09-04,Dattes Deglet Nour 5kg,Dates,Monastir,Wholesale,4,62.0,0.0,248.0,92.0
2581,2025-04-03,Huile d'Olive Extra Vierge 1L,Olive Oil,Sousse,Wholesale,24,28.5,10.0,615.6,159.6
2915,2025-06-16,Huile d'Olive Extra Vierge 1L,Olive Oil,Sousse,Retail,10,28.5,10.0,256.5,66.5
3318,2025-09-07,Harissa Traditionnelle 200g,Condiments,Tunis,Retail,1,6.5,5.0,6.17,2.97
3397,2025-09-19,Couscous Complet 1kg,Grains,Tunis,Retail,3,7.2,10.0,19.44,7.14
1008,2024-04-03,Bsissa Traditionnelle 500g,Grains,Tunis,Retail,1,9.5,5.0,9.03,4.03
3301,2025-09-03,Huile d'Olive Extra Vierge 1L,Olive Oil,Gabes,Online,1,28.5,20.0,22.8,3.8
1340,2024-07-06,Huile d'Olive Extra Vierge 1L,Olive Oil,Sousse,Retail,3,28.5,5.0,81.22,24.22
2359,2025-02-18,Harissa 1kg (pro),Condiments,Tunis,Online,2,24.0,0.0,48.0,23.0
2673,2025-04-23,Couscous Complet 1kg,Grains,,Retail,1,7.2,0.0,7.2,3.1
1518,2024-08-25,Miel de Thym 250g,Honey,Sfax,Wholesale,36,32.0,5.0,1094.4,374.4
1403,2024-07-23,Huile d'Olive Extra Vierge 1L,Olive Oil,Bizerte,Wholesale,4,28.5,5.0,108.3,32.3
1734,2024-10-18,Harissa Traditionnelle 200g,Condiments,Tunis,Retail,2,6.5,0.0,13.0,6.6
2621,2025-04-08,Huile d'Ol ive Extra Vierge 1L,Olive Oil,Sousse,Wholesale,5,28.5,0.0,142.5,47.5
2675,2025-04-23,Dattes Deglet Nour 5kg,Dates,Tunis,Online,3,62.0,0.0,186.0,69.0
1144,2024-05-07,Miel de Thym 250g,Honey,Tunis,Retail,4,32.0,5.0,121.6,41.6
1560,2024-09-09,Dattes Deglet Nour 1kg,Dates,Tunis,Wholesale,20,14.0,0.0,280.0,110.0
3204,2025-08-12,Couscous Fin 1kg,Grains,Tunis,Retail,6,5.8,5.0,33.06,12.66
2688,2025-04-25,Couscous Complet 1kg,Grains,Sfax,Retail,20,7.2,0.0,144.0,62.0
1060,2024-04-15,Couscous Fin 1kg,Grains,Gabes,Wholesale,8,5.8,0.0,46.4,19.2
1879,2024-11-13,Miel de Thym 250g,Honey,Monastir,Online,2,32.0,0.0,64.0,24.0
1012,2024-04-03,Couscous Fin 1kg,Grains,Sfax,Retail,2,5.8,5.0,11.02,4.22
2786,2025-05-22,Bsissa Traditionnelle 500g,Grains,Sousse,Retail,3,9.5,0.0,28.5,13.5
3123,2025-07-26,Dattes Deglet Nour 1kg,Dates,Sousse,Online,2,14.0,0.0,28.0,11.0
2573,2025-04-01,Huile d'Olive Extra Vierge 5L,Olive Oil,Tunis,Online,3,132.0,5.0,376.2,100.2
2111,2024-12-25,Couscous Fin 1kg,Grains,Bizerte,Wholesale,12,5.8,0.0,69.6,28.8
1178,2024-05-22,Harissa 1kg (pro),Condiments,Monastir,Wholesale,5,24.0,0.0,120.0,57.5
3333,2025-09-10,Couscous Fin 1kg,Grains,Bizerte,Online,2,5.8,0.0,11.6,4.8
2147,2024-12-31,Dattes Deglet Nour 5kg,Dates,Tunis,Wholesale,19,62.0,5.0,1119.1,378.1
3455,2025-09-30,Dattes Deglet Nour 1kg,Dates,Sfax,Wholesale,30,14.0,5.0,399.0,144.0
2438,2025-03-06,Miel de Thym 250g,Honey,Tunis,Online,3,32.0,0.0,96.0,36.0
2319,2025-02-09,Dattes Deglet Nour 1kg,Dates,Sfax,Retail,1,14.0,5.0,13.3,4.8
2270,2025-01-26,Dattes Deglet Nour 5kg,Dates,Sousse,Wholesale,80,62.0,5.0,4712.0,1592.0
1605,2024-09-19,Dattes Deglet Nour 1kg,Dates,Tunis,Retail,4,14.0,0.0,56.0,22.0
1490,2024-08-17,Bsissa Traditionnelle 500g,Grains,Gabes,Online,1,9.5,0.0,9.5,4.5
1765,2024-10-25,Dattes Deglet Nour 5kg,Dates,Tunis,Retail,8,62.0,0.0,496.0,184.0
2426,2025-03-03,Huile d'Olive Extra Vierge 1L,Olive Oil,Sfax,Wholesale,24,28.5,20.0,547.2,91.2
2282,2025-01-30,Harissa 1kg (pro),Condiments,Tunis,Retail,2,24.0,0.0,48.0,23.0
1748,2024-10-22,Huile d'Olive Extra Vierge 1L,Olive Oil,Sousse,Retail,1,28.5,10.0,25.65,6.65
3097,23/07/2025,Couscous Fin 1kg,Grains,Monastir,Retail,10,5.8,0.0,58.0,24.0
2896,2025-06-12,Huile d'Olive Extra Vierge 1L,Olive Oil,Monastir,Retail,1,28.5,5.0,27.07,8.07
2307,2025-02-05,Harissa 1kg (pro),Condiments,Bizerte,Retail,1,24.0,0.0,24.0,11.5
2677,2025-04-23,Miel de Thym 250g,Honey,Gabes,Online,1,32.0,0.0,32.0,12.0
1081,2024-04-21,Dattes Deglet Nour 1kg,Dates,,Retail,1,14.0,0.0,14.0,5.5
1473,2024-08-11,Bsissa Traditionnelle 500g,Grains,Tunis,Wholesale,6,9.5,0.0,57.0,27.0
3355,2025-09-13,Miel de Thym 250g,Honey,Bizerte,Retail,2,32.0,0.0,64.0,24.0
2416,2025-03-01,Harissa Traditionnelle 200g,Condiments,Sousse,Online,1,6.5,5.0,6.17,2.97
1229,2024-06-06,Couscous Fin 1kg,Grains,Tunis,Retail,2,5.8,0.0,11.6,4.8
1942,2024-11-27,Miel de Thym 250g,Honey,Sfax,Retail,4,32.0,5.0,121.6,41.6
2713,2025-04-30,Bsissa Traditionnelle 500g,Grains,Bizerte,Retail,2,9.5,0.0,19.0,9.0
1884,2024-11-15,Huile d'Olive Extra Vierge 5L,Olive Oil,Sfax,Wholesale,12,132.0,0.0,1584.0,480.0
2631,2025-04-10,Couscous Complet 1kg,Grains,Gabes,Retail,2,7.2,10.0,12.96,4.76
3313,2025-09-06,Couscous Fin 1kg,Grains,Sousse,Retail,20,5.8,0.0,116.0,48.0
2323,2025-02-09,Harissa 1kg (pro),Condiments,Sousse,Wholesale,100,24.0,0.0,2400.0,1150.0
1254,2024-06-12,Huile d'Olive Extra Vierge 1L,Olive Oil,Tunis,Retail,2,28.5,10.0,51.3,13.3
3311,2025-09-06,Couscous Fin 1kg,Grains,Sfax,Online,2,5.8,0.0,11.6,4.8
2395,2025-02-24,Bsissa Traditionnelle 500g,Grains,Sfax,Retail,20,9.5,10.0,171.0,71.0
1764,2024-10-25,Huile d'Olive Extra Vierge 5L,Olive Oil,Tunis,Online,1,132.0,10.0,118.8,26.8
2523,2025-03-22,Bsissa Traditionnelle 500g,Grains,Sfax,Retail,12,9.5,5.0,108.3,48.3
1766,2024-10-26,Dattes Deglet Nour 5kg,Dates,Monastir,Retail,2,62.0,5.0,117.8,39.8
3386,2025-09-18,Dattes Deglet Nour 1kg,Dates,Sfax,Wholesale,12,14.0,10.0,151.2,49.2
1594,2024-09-17,Harissa Traditionnelle 200g,Condiments,Sfax,Retail,2,6.5,10.0,11.7,5.3
3154,2025-08-03,Couscous Fin 1kg,Grains,Sfax,Retail,1,5.8,0.0,5.8,2.4
2914,2025-06-15,Couscous Fin 1kg,Grains,Bizerte,Retail,20,5.8,10.0,104.4,36.4
1025,2024-04-08,Dattes Deglet Nour 5kg,Dates,Bizerte,Retail,3,62.0,0.0,186.0,69.0
3395,2025-09-19,Harissa Traditionnelle 200g,Condiments,Sfax,Retail,2,6.5,0.0,13.0,6.6
2945,2025-06-21,Couscous Fin 1kg,Grains,Bizerte,Wholesale,6,5.8,0.0,34.8,14.4
2931,2025-06-19,Couscous Fin 1kg,Grains,Tunis,Retail,4,5.8,0.0,23.2,9.6
1164,2024-05-16,Miel de Thym 250g,Honey,Sfax,Retail,3,32.0,0.0,96.0,36.0
1635,2024-09-28,Miel de Thym 250g,Honey,Gabes,Retail,2,32.0,0.0,64.0,24.0
1365,2024-07-13,Dattes Deglet Nour 5kg,Dates,Sfax,Wholesale,5,62.0,5.0,294.5,99.5
1355,2024-07-11,Couscous Complet 1kg,Grains,Tunis,Retail,1,7.2,0.0,7.2,3.1
2330,2025-02-11,Dattes Deglet Nour 1kg,Dates,Bizerte,Wholesale,9,14.0,,126.0,49.5
2057,2024-12-18,Couscous Fin 1kg,Grains,Gabes,Retail,10,5.8,0.0,58.0,24.0
3210,2025-08-15,Miel de Thym 250g,Honey,Monastir,Retail,1,32.0,0.0,32.0,12.0
2489,2025-03-16,Dattes Deglet Nour 5kg,Dates,Gabes,Wholesale,12,62.0,0.0,744.0,276.0
3337,2025-09-11,Bsissa Traditionnelle 500g,Grains,Sousse,Online,1,9.5,0.0,9.5,4.5
1344,2024-07-07,Huile d'Olive Extra Vierge 1L,Olive Oil,Tunis,Retail,10,28.5,5.0,270.75,80.75
3367,2025-09-15,Bsissa Traditionnelle 500g,Grains,Sousse,Retail,20,9.5,5.0,180.5,80.5
1532,2024-08-31,Huile d'Olive Extra Vierge 5L,Olive Oil,Monastir,Wholesale,5,132.0,15.0,561.0,101.0
3083,2025-07-19,Dattes Deglet Nour 5kg,Dates,Tunis,Wholesale,3,62.0,0.0,186.0,69.0
2176,2025-01-05,Dattes Deglet Nour 5kg,Dates,Gabes,Wholesale,20,62.0,0.0,1240.0,460.0
2776,2025-05-19,Dattes Deglet Nour 5kg,Dates,Sousse,Retail,1,62.0,10.0,55.8,16.8
1315,2024-06-28,Dattes Deglet Nour 5kg,Dates,Sousse,Wholesale,12,62.0,5.0,706.8,238.8
1237,2024-06-08,Bsissa Traditionnelle 500g,Grains,Tunis,Wholesale,12,9.5,5.0,108.3,48.3
3305,2025-09-04,Miel de Thym 250g,Honey,Bizerte,Wholesale,4,32.0,5.0,121.6,41.6
1923,2024-11-22,Bsissa Traditionnelle 500g,Grains,Sousse,Retail,12,9.5,0.0,114.0,54.0
1096,2024-04-25,Couscous Complet 1kg,Grains,Sfax,Wholesale,8,7.2,5.0,54.72,21.92
3234,2025-08-18,Couscous Complet 1kg,Grains,Tunis,Online,1,7.2,0.0,7.2,3.1
1573,2024-09-12,Dattes Deglet Nour 1kg,Dates,Sfax,Wholesale,10,14.0,0.0,140.0,55.0
2357,2025-02-18,Huile d'Olive Extra Vierge 5L,Olive Oil,Sfax,Retail,4,132.0,20.0,422.4,54.4
2943,2025-06-21,Couscous Fin 1KG,Grains,Tunis,Retail,1,5.8,5.0,5.51,2.11
1610,2024-09-20,Harissa 1kg (pro),Condiments,Tunis,Wholesale,15,24.0,0.0,360.0,172.5
1031,2024-04-09,Huile d'Olive Extra Vierge 1L,Olive Oil,Gabes,Retail,1,28.5,10.0,25.65,6.65
2278,2025-01-29,Dattes Deglet Nour 5kg,Dates,Gabes,Retail,1,62.0,0.0,62.0,23.0
1258,2024-06-13,Harissa Traditionnelle 200g,Condiments,Tunis,Retail,1,6.5,0.0,6.5,3.3
2456,2025-03-08,Dattes Deglet Nour 5kg,Dates,Gabes,Wholesale,10,62.0,0.0,620.0,230.0
3170,2025-08-05,Huile d'Olive Extra Vierge 5L,Olive Oil,Gabes,Retail,2,132.0,0.0,264.0,80.0
2853,2025-06-02,Couscous Complet 1kg,Grains,Tunis,Online,3,7.2,0.0,21.6,9.3
1637,2024-09-28,Couscous Fin 1kg,Grains,Sfax,Retail,1,5.8,0.0,5.8,2.4
1441,2024-08-04,Dattes Deglet Nour 5kg,Dates,Bizerte,Wholesale,9,62.0,0.0,558.0,207.0
3027,2025-07-07,Dattes Deglet Nour 1kg,Dates,Tunis,Wholesale,5,14.0,0.0,70.0,27.5
2028,2024-12-13,Huile d'Olive Extra Vierge 5L,Olive Oil,Sfax,Wholesale,3,132.0,0.0,396.0,120.0
1221,2024-06-04,Huile d'Olive Extra Vierge 1L,Olive Oil,Bizerte,Wholesale,8,28.5,15.0,193.8,41.8
1974,2024-12-02,Miel de Thym 250g,Honey,Sfax,Wholesale,18,32.0,0.0,576.0,216.0
2998,2025-07-03,Harissa Traditionnelle 200g,Condiments,Sousse,Retail,1,6.5,0.0,6.5,3.3
2000,2024-12-06,Dattes Deglet Nour 1kg,Dates,Tunis,Wholesale,13,14.0,0.0,182.0,71.5
2251,2025-01-21,Harissa Traditionnelle 200g,Condiments,Tunis,Retail,1,6.5,5.0,6.17,2.97
1328,2024-07-02,Miel de Thym 250g,Honey,Monastir,Online,3,32.0,0.0,96.0,36.0
1390,2024-07-19,Harissa Traditionnelle 200g,Condiments,Tunis,Retail,20,6.5,0.0,130.0,66.0
2100,23/12/2024,Dattes Deglet Nour 5kg,Dates,Bizerte,Wholesale,11,62.0,0.0,682.0,253.0
1227,2024-06-06,Dattes Deglet Nour 5kg,Dates,Gabes,Retail,4,62.0,0.0,248.0,92.0
2826,2025-05-27,Huile d'Olive Extra Vierge 5L,Olive Oil,Sousse,Retail,2,132.0,15.0,224.4,40.4
2959,2025-06-25,Couscous Complet 1kg,Grains,Sfax,Retail,4,7.2,0.0,28.8,12.4
2655,2025-04-18,Bsissa Traditionnelle 500g,Grains,Gabes,Wholesale,12,9.5,5.0,108.3,48.3
1112,2024-04-28,Couscous Fin 1kg,Grains,Gabes,Wholesale,80,5.8,0.0,464.0,192.0
2868,2025-06-04,Bsissa Traditionnelle 500g,Grains,Sfax,Online,20,9.5,5.0,180.5,80.5
2695,2025-04-27,Huile d'Olive Extra Vierge 5L,Olive Oil,Tunis,Retail,2,132.0,0.0,264.0,80.0
2110,2024-12-25,Harissa 1kg (pro),Condiments,Sfax,Wholesale,15,24.0,0.0,360.0,172.5
1204,2024-05-29,Bsissa Traditionnelle 500g,Grains,Sfax,Wholesale,20,9.5,0.0,190.0,90.0
2987,2025-07-01,Dattes Deglet Nour 5kg,Dates,Sousse,Wholesale,4,62.0,0.0,248.0,92.0
1614,2024-09-22,Huile d'Olive Extra Vierge 5L,Olive Oil,Monastir,Online,4,132.0,0.0,528.0,160.0
1057,2024-04-14,Miel de Thym 250g,Honey,Tunis,Wholesale,4,32.0,10.0,115.2,35.2
2591,2025-04-04,Dattes Deglet Nour 5kg,Dates,Tunis,RETAIL,3,62.0,5.0,176.7,59.7
3426,2025-09-25,Couscous Complet 1kg,Grains,Sfax,Retail,10,7.2,0.0,72.0,31.0
3392,2025-09-18,Huile d'Olive Extra Vierge 1L,Olive Oil,Tunis,Retail,6,28.5,5.0,162.45,48.45
2476,2025-03-13,Couscous Fin 1kg,Grains,Tunis,Retail,3,5.8,0.0,17.4,7.2
1289,2024-06-20,Miel de Thym 250g,Honey,Tunis,Retail,4,32.0,0.0,128.0,48.0
1378,2024-07-17,Couscous Complet 1kg,Grains,Gabes,online,2,7.2,0.0,14.4,6.2
2005,2024-12-07,Dattes Deglet Nour 1kg,Dates,Sfax,Retail,4,14.0,0.0,56.0,22.0
2748,2025-05-11,Harissa Traditionnelle 200g,Condiments,Sfax,Wholesale,60,6.5,5.0,370.5,178.5
2508,2025-03-18,Huile d'Olive Extra Vierge 1L,Olive Oil,Monastir,Wholesale,6,28.5,20.0,136.8,22.8
1462,2024-08-09,Huile d'Olive Extra Vierge 1L,Olive Oil,Bizerte,Retail,10,28.5,15.0,242.25,52.25
2552,2025-03-26,Harissa Traditionnelle 200g,Condiments,Sfax,Retail,10,6.5,0.0,65.0,33.0
1362,2024-07-12,Bsissa Traditionnelle 500g,Grains,Tunis,Retail,1,9.5,0.0,9.5,4.5
2046,2024-12-16,Couscous Complet 1kg,Grains,Sfax,Wholesale,3,7.2,0.0,21.6,9.3
1215,2024-06-02,Harissa Traditionnelle 200g,Condiments,Sousse,Online,12,6.5,0.0,78.0,39.6
2335,2025-02-13,Dattes Deglet Nour 5kg,Dates,Tunis,Retail,4,62.0,0.0,248.0,92.0
1198,2024-05-28,Couscous Complet 1kg,Grains,Tunis,Retail,6,7.2,0.0,43.2,18.6
1018,2024-04-05,Dattes Deglet Nour 1kg,Dates,Gabes,Retail,1,14.0,0.0,14.0,5.5
3241,2025-08-20,Huile d'Olive Extra Vierge 1L,Olive Oil,Tunis,Retail,1,28.5,15.0,24.22,5.22
3199,2025-08-11,Dattes Deglet Nour 1kg,Dates,Gabes,Retail,3,14.0,5.0,39.9,14.4
1373,2024-07-15,Dattes Deglet Nour 5kg,Dates,Tunis,Wholesale,4,62.0,0.0,248.0,92.0
1544,2024-09-04,Miel de Thym 250g,Honey,Sousse,Retail,6,32.0,5.0,182.4,62.4
2514,2025-03-20,Harissa 1kg (pro),Condiments,Monastir,Retail,1,24.0,0.0,24.0,11.5
3160,2025-08-04,Couscous Fin 1kg,Grains,Gabes,Retail,1,5.8,0.0,5.8,2.4
3127,2025-07-28,Dattes Deglet Nour 1kg,Dates,Sfax,Wholesale,60,14.0,0.0,840.0,330.0
2916,2025-06-16,Couscous Fin 1kg,Grains,Gabes,Wholesale,15,5.8,10.0,78.3,27.3
1475,2024-08-12,Huile d'Olive Extra Vierge 5L,Olive Oil,Sfax,Retail,6,132.0,10.0,712.8,160.8
2907,2025-06-14,Couscous Complet 1kg,Grains,Sousse,Retail,6,7.2,0.0,43.2,18.6
2620,2025-04-08,Huile d'Olive Extra Vierge 5L,Olive Oil,Gabes,Wholesale,4,132.0,10.0,475.2,107.2
2612,2025-04-07,Harissa Traditionnelle 200g,Condiments,Monastir,Online,2,6.5,0.0,13.0,6.6
3169,2025-08-05,Huile d'Olive Extra Vierge 5L,Olive Oil,Sfax,Wholesale,3,132.0,10.0,356.4,80.4
3000,2025-07-03,Huile d'Olive Extra Vierge 1L,Olive Oil,Sousse,Wholesale,12,28.5,0.0,342.0,114.0
1515,2024-08-24,Huile d'Olive Extra Vierge 5L,Olive Oil,Sfax,Retail,20,132.0,15.0,2244.0,404.0
2432,04/03/2025,Dattes Deglet Nour 1kg,Dates,Sousse,Wholesale,60,14.0,0.0,840.0,330.0
1592,2024-09-17,Couscous Fin 1kg,Grains,Bizerte,Retail,3,5.8,0.0,17.4,7.2
2745,2025-05-10,Dattes Deglet Nour 1kg,Dates,Monastir,Retail,3,14.0,0.0,42.0,16.5
3438,2025-09-26,Dattes Deglet Nour 5kg,Dates,Sousse,Retail,1,62.0,10.0,55.8,16.8
1300,2024-06-25,Miel de Thym 250g,Honey,Bizerte,Retail,6,32.0,0.0,192.0,72.0
1613,2024-09-22,Harissa 1kg (pro),Condiments,Sfax,Online,1,24.0,0.0,24.0,11.5
3299,2025-09-03,Couscous Fin 1kg,Grains,Tunis,Wholesale,15,5.8,5.0,82.65,31.65
1001,2024-04-01,Harissa 1kg (pro),Condiments,Gabes,Wholesale,5,24.0,0.0,120.0,57.5
3216,2025-08-15,Huile d'Olive Extra Vierge 1L,Olive Oil,Monastir,Online,2,28.5,0.0,57.0,19.0
1484,2024-08-15,Dattes Deglet Nour 5kg,Dates,Sfax,Wholesale,4,62.0,0.0,248.0,92.0
2428,2025-03-03,Harissa Traditionnelle 200g,Condiments,Gabes,Wholesale,8,6.5,5.0,49.4,23.8
1908,2024-11-20,Huile d'Olive Extra Vierge 5L,Olive Oil,Sfax,Online,3,132.0,5.0,376.2,100.2
2765,2025-05-16,Miel de Thym 250g,Honey,Tunis,Retail,4,32.0,0.0,128.0,48.0
1791,2024-10-29,Couscous Complet 1kg,Grains,Tunis,Retail,1,7.2,,7.2,3.1
1239,2024-06-09,Couscous Complet 1kg,Grains,Monastir,Wholesale,4,7.2,0.0,28.8,12.4
3284,2025-08-30,Harissa Traditionnelle 200g,Condiments,Gabes,Retail,2,6.5,5.0,12.35,5.95
1834,2024-11-04,Couscous Fin 1kg,Grains,Gabes,Retail,20,5.8,0.0,116.0,48.0
3317,2025-09-07,Couscous Fin 1kg,Grains,Tunis,Online,12,5.8,0.0,69.6,28.8
2894,2025-06-11,Huile d'Olive Extra Vierge 1L,Olive Oil,Gabes,Online,1,28.5,10.0,25.65,6.65
2965,2025-06-26,Harissa 1kg (pro),Condiments,Sfax,Online,2,24.0,0.0,48.0,23.0
3203,2025-08-12,Bsissa Traditionnelle 500g,Grains,Gabes,Wholesale,4,9.5,0.0,38.0,18.0
2668,2025-04-21,Harissa 1kg (pro),Condiments,Bizerte,Retail,2,24.0,0.0,48.0,23.0
1887,2024-11-15,Bsissa Traditionnelle 500g,Grains,Sfax,Retail,4,9.5,0.0,38.0,18.0
3163,2025-08-04,Couscous Fin 1kg,Grains,Tunis,Retail,10,5.8,5.0,55.1,21.1
1976,2024-12-03,Huile d'Olive Extra Vierge 5L,Olive Oil,Bizerte,Retail,4,132.0,15.0,448.8,80.8
3259,2025-08-24,Couscous Complet 1kg,Grains,Sousse,Retail,1,7.2,0.0,7.2,3.1
3275,2025-08-28,Couscous Complet 1kg,Grains,Tunis,Retail,4,7.2,0.0,28.8,12.4
2316,08/02/2025,Harissa Traditionnelle 200g,Condiments,Bizerte,Retail,4,6.5,5.0,24.7,11.9
3458,2025-09-30,Bsissa Traditionnelle 500g,Grains,Sousse,Retail,4,9.5,0.0,38.0,18.0
1870,2024-11-12,Harissa Traditionnelle 200g,Condiments,Gabes,Retail,4,6.5,0.0,26.0,13.2
2375,2025-02-21,Huile d'Olive Extra Vierge 5L,Olive Oil,Sfax,Retail,4,132.0,10.0,475.2,107.2
1936,2024-11-25,Harissa 1kg (pro),Condiments,Monastir,Wholesale,12,24.0,0.0,288.0,138.0
3348,2025-09-12,Huile d'Olive Extra Vierge 1L,Olive Oil,Sousse,Online,1,28.5,10.0,25.65,6.65
1478,2024-08-13,Huile d'Olive Extra Vierge 1L,Olive Oil,,Retail,2,28.5,15.0,48.45,10.45
2547,2025-03-25,Dattes Deglet Nour 1kg,Dates,Gabes,Retail,3,14.0,0.0,42.0,16.5
2901,2025-06-12,Huile d'Olive Extra Vierge 5L,Olive Oil,Tunis,Wholesale,30,132.0,0.0,3960.0,1200.0
2119,2024-12-27,Couscous Complet 1kg,Grains,sfax,Online,1,7.2,0.0,7.2,3.1
1356,2024-07-11,Dattes Deglet Nour 1kg,Dates,Sfax,Retail,2,14.0,0.0,28.0,11.0
3446,2025-09-29,Huile d'Olive Extra Vierge 1L,Olive Oil,Sousse,Retail,4,28.5,0.0,114.0,38.0
2369,2025-02-20,Dattes Deglet Nour 1kg,Dates,Sfax,Retail,1,14.0,10.0,12.6,4.1
2288,2025-01-31,Huile d'Olive Extra Vierge 1L,Olive Oil,Sfax,Retail,6,28.5,5.0,162.45,48.45
2526,2025-03-22,Dattes Deglet Nour 1kg,Dates,Tunis,Wholesale,16,14.0,0.0,224.0,88.0
3308,2025-09-05,Bsissa Traditionnelle 500g,Grains,Monastir,Online,2,9.5,0.0,19.0,9.0
2921,2025-06-17,Couscous Fin 1kg,Grains,Sfax,Wholesale,3,5.8,5.0,16.53,6.33
2718,2025-05-03,Couscous Complet 1kg,Grains,Bizerte,Retail,1,7.2,0.0,7.2,3.1
2982,2025-06-30,Miel de Thym 250g,Honey,Bizerte,Online,10,32.0,5.0,304.0,104.0
1631,2024-09-27,Bsissa Traditionnelle 500g,Grains,Bizerte,Wholesale,6,9.5,0.0,57.0,27.0
2061,2024-12-18,Huile d'Olive Extra Vierge 1L,Olive Oil,Tunis,Retail,1,28.5,15.0,24.22,5.22
2026,2024-12-12,Bsissa Traditionnelle 500g,Grains,Tunis,Wholesale,15,9.5,0.0,142.5,67.5
2700,2025-04-28,Bsissa Traditionnelle 500g,Grains,Tunis,Online,12,9.5,5.0,108.3,48.3
2025,2024-12-11,Miel de Thym 250g,Honey,Sfax,Retail,2,32.0,0.0,64.0,24.0
1145,2024-05-07,Miel de Thym 250g,Honey,Sfax,Wholesale,16,32.0,5.0,486.4,166.4
1581,2024-09-15,Harissa 1kg (pro),Condiments,Sousse,Retail,3,24.0,0.0,72.0,34.5
3378,2025-09-17,Huile d'Olive Extra Vierge 5L,Olive Oil,Gabes,Online,2,132.0,0.0,264.0,80.0
2035,2024-12-14,Dattes Deglet Nour 1kg,Dates,Tunis,Retail,6,14.0,0.0,84.0,33.0
1747,2024-10-22,Couscous Complet 1kg,Grains,Bizerte,Online,4,7.2,0.0,28.8,12.4
2818,2025-05-26,Couscous Fin 1kg,Grains,Gabes,Wholesale,30,5.8,5.0,165.3,63.3
2516,2025-03-20,Huile d'Olive Extra Vierge 1L,Olive Oil,Sfax,Retail,2,28.5,10.0,51.3,13.3
3424,2025-09-24,Huile d'Olive Extra Vierge 1L,Olive Oil,Sfax,Wholesale,9,28.5,0.0,256.5,85.5
3346,2025-09-12,Couscous Fin 1kg,Grains,Sousse,Retail,6,5.8,0.0,34.8,14.4
1409,2024-07-24,Huile d'Olive Extra Vierge 1L,Olive Oil,Gabes,Retail,6,28.5,20.0,136.8,22.8
2373,21/02/2025,Couscous Complet 1kg,Grains,Monastir,Wholesale,6,7.2,5.0,41.04,16.44
2967,2025-06-27,Couscous Fin 1kg,Grains,Tunis,Retail,2,5.8,5.0,11.02,4.22
2063,2024-12-18,Harissa 1kg (pro),Condiments,Gabes,Online,12,24.0,10.0,259.2,109.2
2540,2025-03-24,Huile d'Olive Extra Vierge 1L,Olive Oil,Sfax,Wholesale,12,28.5,0.0,342.0,114.0
1108,2024-04-27,Couscous Complet 1kg,Grains,Gabes,Wholesale,5,7.2,0.0,36.0,15.5
2310,2025-02-06,Dattes Deglet Nour 5kg,Dates,Sfax,Wholesale,36,62.0,0.0,2232.0,828.0
2994,2025-07-03,Couscous Complet 1kg,Grains,Gabes,Wholesale,60,7.2,0.0,432.0,186.0
3174,2025-08-07,Dattes Deglet Nour 1kg,Dates,Monastir,Wholesale,4,14.0,0.0,56.0,22.0
1471,2024-08-11,Dattes Deglet Nour 1kg,Dates,gabes,Retail,1,14.0,0.0,14.0,5.5
1742,2024-10-21,Dattes Deglet Nour 1kg,Dates,Sousse,Retail,2,14.0,0.0,28.0,11.0
2208,2025-01-12,Harissa Traditionnelle 200g,Condiments,Gabes,Retail,1,6.5,5.0,6.17,2.97
1758,2024-10-24,Huile d'Olive Extra Vierge 5L,Olive Oil,Sfax,Wholesale,15,132.0,0.0,1980.0,600.0
1247,2024-06-10,Huile d'Olive Extra Vierge 5L,Olive Oil,Sousse,Wholesale,6,132.0,5.0,752.4,200.4
2230,2025-01-16,Bsissa Traditionnelle 500g,Grains,Sfax,Wholesale,60,9.5,5.0,541.5,241.5
3316,2025-09-07,Dattes Deglet Nour 1kg,Dates,gabes,Retail,10,14.0,0.0,140.0,55.0
1546,2024-09-04,Couscous Fin 1kg,Grains,Bizerte,Retail,2,5.8,0.0,11.6,4.8
1050,2024-04-14,Dattes Deglet Nour 5kg,Dates,Sousse,Wholesale,50,62.0,0.0,3100.0,1150.0
1162,2024-05-14,Harissa 1kg (pro),Condiments,Tunis,Retail,20,24.0,0.0,480.0,230.0
3256,2025-08-23,Couscous Fin 1kg,Grains,Sousse,Online,1,5.8,0.0,5.8,2.4
1578,2024-09-13,Dattes Deglet Nour 5kg,Dates,Sfax,Wholesale,20,62.0,0.0,1240.0,460.0
1068,2024-04-18,Harissa Traditionnelle 200g,Condiments, Bizerte ,Retail,20,6.5,0.0,130.0,66.0
2362,2025-02-18,Dattes Deglet Nour 1kg,Dates,Sousse,Wholesale,10,14.0,5.0,133.0,48.0
3394,2025-09-18,Harissa Traditionnelle 200g,Condiments,Gabes,Wholesale,20,6.5,0.0,130.0,66.0
3391,2025-09-18,Huile d'Olive Extra Vierge 5L,Olive Oil,Sousse,Retail,1,132.0,0.0,132.0,40.0
1800,2024-10-30,Couscous Fin 1kg,Grains,Sfax,Retail,12,5.8,0.0,69.6,28.8
2569,2025-04-01,Dattes Deglet Nour 1kg,Dates,Bizerte,Online,10,14.0,0.0,140.0,55.0
1759,2024-10-24,Bsissa Traditionnelle 500g,Grains,Tunis,Retail,2,9.5,0.0,19.0,9.0
2186,2025-01-07,Huile d'Olive Extra Vierge 5L,Olive Oil,Tunis,Wholesale,3,132.0,20.0,316.8,40.8
2564,2025-03-30,Miel de Thym 250g,Honey,Bizerte,Wholesale,36,32.0,0.0,1152.0,432.0
3050,2025-07-12,Huile d'Olive Extra Vierge 5L,Olive Oil,Tunis,Retail,1,132.0,10.0,118.8,26.8
3356,2025-09-13,Dattes Deglet Nour 1kg,Dates,Tunis,Retail,1,14.0,0.0,14.0,5.5
2538,2025-03-23,Harissa 1kg (pro),Condiments,bizerte,Wholesale,3,24.0,0.0,72.0,34.5
2252,2025-01-22,Dattes Deglet Nour 1kg,Dates,Sfax,Wholesale,15,14.0,10.0,189.0,61.5
2532,2025-03-23,Dattes Deglet Nour 5kg,Dates,Sfax,Online,2,62.0,0.0,124.0,46.0
1826,2024-11-03,Dattes Deglet Nour 1kg,Dates,Bizerte,Wholesale,26,14.0,0.0,364.0,143.0
2699,2025-04-28,Huile d'Olive Extra Vierge 5L,Olive Oil,Bizerte,Wholesale,9,132.0,15.0,1009.8,181.8
1645,2024-10-01,Couscous Fin 1kg,Grains,Sfax,Retail,3,5.8,0.0,17.4,7.2
1006,2024-04-02,Miel de Thym 250g,Honey,Sfax,Retail,1,32.0,0.0,32.0,12.0
2245,2025-01-19,Couscous Fin 1kg,Grains,Sfax,Retail,4,5.8,0.0,23.2,9.6
1620,2024-09-26,Harissa Traditionnelle 200g,Condiments,Bizerte,Retail,3,6.5,0.0,19.5,9.9
2306,2025-02-04,Dattes Deglet Nour 1kg,Dates,Tunis,Wholesale,30,14.0,5.0,399.0,144.0
1793,2024-10-29,Harissa Traditionnelle 200g,Condiments,Sousse,Retail,2,6.5,0.0,13.0,6.6
1991,2024-12-05,Harissa 1kg (pro),Condiments,Tunis,Retail,1,24.0,0.0,24.0,11.5
1009,2024-04-03,Couscous Complet 1kg,Grains,Gabes,Wholesale,8,7.2,0.0,57.6,24.8
3082,2025-07-19,Couscous Complet 1kg,Grains,Gabes,Retail,2,7.2,0.0,14.4,6.2
1122,2024-04-30,Miel de Thym 250g,Honey,Tunis,Retail,1,32.0,,32.0,12.0
1511,2024-08-24,Huile d'Olive Extra Vierge 5L,Olive Oil,Bizerte,Retail,3,132.0,15.0,336.6,60.6
1182,2024-05-23,Dattes Deglet Nour 5kg,Dates,Monastir,Wholesale,18,62.0,0.0,1116.0,414.0
1410,2024-07-24,Harissa 1kg (pro),Condiments,Tunis,Retail,3,24.0,0.0,72.0,34.5
2137,2024-12-30,Harissa Traditionnelle 200g,Condiments,Tunis,Wholesale,12,6.5,0.0,78.0,39.6
3209,2025-08-15,Huile d'Olive Extra Vierge 5L,Olive Oil,Sfax,Online,2,132.0,5.0,250.8,66.8
1518,2024-08-25,Miel de Thym 250g,Honey,Sfax,Wholesale,36,32.0,5.0,1094.4,374.4
2755,2025-05-14,Bsissa Traditionnelle 500g,Grains,Tunis,Wholesale,5,9.5,5.0,45.12,20.12
2441,2025-03-06,Miel de Thym 250g,Honey,Tunis,Wholesale,9,32.0,0.0,288.0,108.0
2767,2025-05-17,Huile d'Olive Extra Vierge 5L,Olive Oil,Sousse,Retail,2,132.0,5.0,250.8,66.8
2311,2025-02-06,Couscous Complet 1kg,Grains,Sousse,Wholesale,8,7.2,5.0,54.72,21.92
1389,2024-07-19,Bsissa Traditionnelle 500g,Grains,Monastir,Retail,1,9.5,0.0,9.5,4.5
1236,2024-06-08,Huile d'Olive Extra Vierge 5L,Olive Oil,Gabes,Wholesale,80,132.0,20.0,8448.0,1088.0
2350,2025-02-16,Harissa Traditionnelle 200g,Condiments, Sfax ,Retail,10,6.5,10.0,58.5,26.5
2158,2025-01-02,Couscous Fin 1kg,Grains,Gabes,Retail,3,5.8,0.0,17.4,7.2
3433,2025-09-26,Huile d'Olive Extra Vierge 5L,Olive Oil,Sousse,Wholesale,4,132.0,5.0,501.6,133.6
1465,2024-08-10,Couscous Fin 1kg,Grains,Bizerte,Retail,6,5.8,0.0,34.8,14.4
2053,2024-12-17,Harissa Traditionnelle 200g,Condiments,Tunis,Retail,1,6.5,0.0,6.5,3.3
1859,2024-11-10,Couscous Fin 1kg,Grains,Tunis,Retail,3,5.8,5.0,16.53,6.33
3320,2025-09-08,Miel de Thym 250g,Honey,Bizerte,Retail,1,32.0,0.0,32.0,12.0
2875,2025-06-05,Dattes Deglet Nour 5kg,Dates,Tunis,Retail,12,62.0,0.0,744.0,276.0
3289,2025-08-30,Harissa 1kg (pro),Condiments,Tunis,Wholesale,5,24.0,5.0,114.0,51.5
1781,2024-10-27,Dattes Deglet Nour 1kg,Dates,Tunis,Retail,2,14.0,0.0,28.0,11.0
1930,2024-11-24,Bsissa Traditionnelle 500g,Grains,Monastir,Retail,1,9.5,0.0,9.5,4.5
3297,2025-09-02,Couscous Complet 1kg,Grains, Gabes ,Retail,1,7.2,5.0,6.84,2.74
1805,2024-10-31,Dattes Deglet Nour 1kg,Dates,Sousse,Online,22,14.0,0.0,308.0,121.0
2798,2025-05-24,Bsissa Traditionnelle 500g,Grains,Sousse,Retail,2,9.5,0.0,19.0,9.0
2773,2025-05-18,Couscous Complet 1kg,Grains,Bizerte,Retail,1,7.2,0.0,7.2,3.1
1953,2024-11-29,Bsissa Traditionnelle 500g,Grains,Sousse,Retail,2,9.5,0.0,19.0,9.0
1051,2024-04-14,Harissa Traditionnelle 200g,Condiments,Sousse,Retail,1,6.5,0.0,6.5,3.3
2479,2025-03-14,Harissa 1kg (pro),Condiments,Sousse,Retail,6,24.0,0.0,144.0,69.0
3323,2025-09-08,Huile d'Olive Extra Vierge 5L,Olive Oil,Bizerte,Retail,3,132.0,20.0,316.8,40.8
2766,2025-05-16,Couscous Fin 1kg,Grains,Sfax,Retail,3,5.8,0.0,17.4,7.2
1487,2024-08-17,Huile d'Olive Extra Vierge 1L,Olive Oil,Sousse,Online,1,28.5,20.0,22.8,3.8
2670,2025-04-21,Huile d'Olive Extra Vierge 5L,Olive Oil,Tunis,Wholesale,12,132.0,10.0,1425.6,321.6
1682,2024-10-07,Couscous Complet 1kg,Grains,Sousse,Retail,6,7.2,0.0,43.2,18.6
2209,2025-01-12,Bsissa Traditionnelle 500g,Grains,Sfax,Wholesale,18,9.5,0.0,171.0,81.0
1999,2024-12-06,Huile d'Olive Extra Vierge 5L,Olive Oil,Bizerte,Wholesale,30,132.0,5.0,3762.0,1002.0
3353,2025-09-13,Huile d'Olive Extra Vierge 5L,Olive Oil,Sousse,Retail,3,132.0,10.0,356.4,80.4
3171,2025-08-06,Dattes Deglet Nour 1kg,Dates,Sfax,Online,1,14.0,5.0,13.3,4.8
2790,2025-05-22,Couscous Complet 1kg,Grains,Sousse,Retail,1,7.2,5.0,6.84,2.74
1234,2024-06-08,Miel de Thym 250g,Honey,Sfax,Retail,20,32.0,0.0,640.0,240.0
1830,2024-11-04,Couscous Complet 1kg,Grains,Bizerte,Retail,3,7.2,0.0,21.6,9.3
2453,2025-03-08,Dattes Deglet Nour 1kg,Dates,Sousse,Retail,10,14.0,0.0,140.0,55.0
1448,2024-08-05,Dattes Deglet Nour 5kg,Dates,Sousse,Retail,2,62.0,0.0,124.0,46.0
2647,2025-04-15,Harissa Traditionnelle 200g,Condiments,Gabes,Online,2,6.5,0.0,13.0,6.6
1841,2024-11-06,Couscous Fin 1kg,Grains,Bizerte,Wholesale,8,5.8,0.0,46.4,19.2
1203,2024-05-29,Huile d'Olive Extra Vierge 5L,Olive Oil,Sousse,Retail,1,132.0,10.0,118.8,26.8
1611,2024-09-21,Harissa Traditionnelle 200g,Condiments,Gabes,Retail,2,6.5,0.0,13.0,6.6
2145,2024-12-30,Huile d'Olive Extra Vierge 1L,Olive Oil,Sousse,Online,2,28.5,15.0,48.45,10.45
3417,2025-09-22,Miel de Thym 250g,Honey,Gabes,Online,1,32.0,5.0,30.4,10.4
1049,2024-04-13,Huile d'Olive Extra Vierge 1L,Olive Oil,Sousse,Retail,10,28.5,0.0,285.0,95.0
1773,2024-10-27,Miel de Thym 250g,Honey,Gabes,Retail,10,32.0,0.0,320.0,120.0
2849,2025-06-01,Couscous Complet 1kg,Grains,Monastir,Wholesale,15,7.2,0.0,108.0,46.5
2232,2025-01-17,Couscous Complet 1kg,Grains,Tunis,Online,12,7.2,5.0,82.08,32.88
